﻿<?xml version="1.0" encoding="utf-8"?>
<deployment>
  <id>a8ebdaf6-fab6-411d-a3d6-8da41f4184a7</id>
  <author>N/A</author>
  <deployer>OneDeploy</deployer>
  <authorEmail>N/A</authorEmail>
  <message>OneDeploy</message>
  <progress></progress>
  <status>Success</status>
  <statusText></statusText>
  <lastSuccessEndTime>2025-10-26T06:47:06.7667005Z</lastSuccessEndTime>
  <receivedTime>2025-10-26T06:47:03.1710007Z</receivedTime>
  <startTime>2025-10-26T06:47:04.721166Z</startTime>
  <endTime>2025-10-26T06:47:06.7667005Z</endTime>
  <complete>True</complete>
  <is_temp>False</is_temp>
  <is_readonly>True</is_readonly>
  <buildSummary />
</deployment>