﻿<?xml version="1.0" encoding="utf-8"?>
<deployment>
  <id>2192db90-0c99-4c4a-9a8d-eddfd73ab1d5</id>
  <author>N/A</author>
  <deployer>OneDeploy</deployer>
  <authorEmail>N/A</authorEmail>
  <message>OneDeploy</message>
  <progress></progress>
  <status>Success</status>
  <statusText></statusText>
  <lastSuccessEndTime>2025-10-25T22:34:20.0112296Z</lastSuccessEndTime>
  <receivedTime>2025-10-25T22:34:16.7990293Z</receivedTime>
  <startTime>2025-10-25T22:34:18.4343964Z</startTime>
  <endTime>2025-10-25T22:34:20.0112296Z</endTime>
  <complete>True</complete>
  <is_temp>False</is_temp>
  <is_readonly>True</is_readonly>
  <buildSummary />
</deployment>