﻿<?xml version="1.0" encoding="utf-8"?>
<deployment>
  <id>8ecea605-d620-49c4-b351-a6fabfed0ece</id>
  <author>N/A</author>
  <deployer>Push-Deployer</deployer>
  <authorEmail>N/A</authorEmail>
  <message>Created via a push deployment</message>
  <progress></progress>
  <status>Success</status>
  <statusText></statusText>
  <lastSuccessEndTime>2025-10-25T21:30:32.1514586Z</lastSuccessEndTime>
  <receivedTime>2025-10-25T21:30:11.7210683Z</receivedTime>
  <startTime>2025-10-25T21:30:13.7244245Z</startTime>
  <endTime>2025-10-25T21:30:32.1514586Z</endTime>
  <complete>True</complete>
  <is_temp>False</is_temp>
  <is_readonly>True</is_readonly>
  <buildSummary />
</deployment>