﻿<?xml version="1.0" encoding="utf-8"?>
<deployment>
  <id>777c3340-2196-4453-bfef-6f712e3d58bf</id>
  <author>N/A</author>
  <deployer>OneDeploy</deployer>
  <authorEmail>N/A</authorEmail>
  <message>OneDeploy</message>
  <progress></progress>
  <status>Success</status>
  <statusText></statusText>
  <lastSuccessEndTime>2025-10-25T22:52:08.043797Z</lastSuccessEndTime>
  <receivedTime>2025-10-25T22:52:01.4104244Z</receivedTime>
  <startTime>2025-10-25T22:52:03.4270583Z</startTime>
  <endTime>2025-10-25T22:52:08.043797Z</endTime>
  <complete>True</complete>
  <is_temp>False</is_temp>
  <is_readonly>True</is_readonly>
  <buildSummary />
</deployment>