﻿<?xml version="1.0" encoding="utf-8"?>
<deployment>
  <id>dc76ee92-3152-4489-8fe3-58953841c4a4</id>
  <author>N/A</author>
  <deployer>Push-Deployer</deployer>
  <authorEmail>N/A</authorEmail>
  <message>Created via a push deployment</message>
  <progress></progress>
  <status>Success</status>
  <statusText></statusText>
  <lastSuccessEndTime>2025-10-26T17:02:33.8796543Z</lastSuccessEndTime>
  <receivedTime>2025-10-26T17:02:30.0234677Z</receivedTime>
  <startTime>2025-10-26T17:02:31.5877516Z</startTime>
  <endTime>2025-10-26T17:02:33.8796543Z</endTime>
  <complete>True</complete>
  <is_temp>False</is_temp>
  <is_readonly>True</is_readonly>
  <buildSummary />
</deployment>