﻿<?xml version="1.0" encoding="utf-8"?>
<deployment>
  <id>2acd5cb2-8ad9-4c36-97bd-14747d84dd95</id>
  <author>N/A</author>
  <deployer>OneDeploy</deployer>
  <authorEmail>N/A</authorEmail>
  <message>OneDeploy</message>
  <progress></progress>
  <status>Success</status>
  <statusText></statusText>
  <lastSuccessEndTime>2025-10-25T23:05:56.6066141Z</lastSuccessEndTime>
  <receivedTime>2025-10-25T23:05:51.7498935Z</receivedTime>
  <startTime>2025-10-25T23:05:53.2442538Z</startTime>
  <endTime>2025-10-25T23:05:56.6066141Z</endTime>
  <complete>True</complete>
  <is_temp>False</is_temp>
  <is_readonly>True</is_readonly>
  <buildSummary />
</deployment>