﻿<?xml version="1.0" encoding="utf-8"?>
<deployment>
  <id>6522dc7b-01be-4928-90ab-fa8da5b8fe47</id>
  <author>N/A</author>
  <deployer>Push-Deployer</deployer>
  <authorEmail>N/A</authorEmail>
  <message>Created via a push deployment</message>
  <progress></progress>
  <status>Success</status>
  <statusText></statusText>
  <lastSuccessEndTime>2025-10-26T16:30:21.6186165Z</lastSuccessEndTime>
  <receivedTime>2025-10-26T16:30:18.3581936Z</receivedTime>
  <startTime>2025-10-26T16:30:20.052502Z</startTime>
  <endTime>2025-10-26T16:30:21.6186165Z</endTime>
  <complete>True</complete>
  <is_temp>False</is_temp>
  <is_readonly>True</is_readonly>
  <buildSummary />
</deployment>