﻿<?xml version="1.0" encoding="utf-8"?>
<deployment>
  <id>ec8f11d2-8a02-495c-81ce-0bbd0e5dd178</id>
  <author>N/A</author>
  <deployer>OneDeploy</deployer>
  <authorEmail>N/A</authorEmail>
  <message>OneDeploy</message>
  <progress></progress>
  <status>Success</status>
  <statusText></statusText>
  <lastSuccessEndTime>2025-10-26T08:14:43.7758208Z</lastSuccessEndTime>
  <receivedTime>2025-10-26T08:11:27.0210486Z</receivedTime>
  <startTime>2025-10-26T08:11:28.4353704Z</startTime>
  <endTime>2025-10-26T08:14:43.7758208Z</endTime>
  <complete>True</complete>
  <is_temp>False</is_temp>
  <is_readonly>True</is_readonly>
  <buildSummary />
</deployment>