﻿<?xml version="1.0" encoding="utf-8"?>
<deployment>
  <id>10a76cea-4099-4ce8-9dff-eaa1db3fcee1</id>
  <author>N/A</author>
  <deployer>OneDeploy</deployer>
  <authorEmail>N/A</authorEmail>
  <message>OneDeploy</message>
  <progress></progress>
  <status>Success</status>
  <statusText></statusText>
  <lastSuccessEndTime>2025-10-26T07:41:16.2584797Z</lastSuccessEndTime>
  <receivedTime>2025-10-26T07:41:13.4328985Z</receivedTime>
  <startTime>2025-10-26T07:41:14.8755206Z</startTime>
  <endTime>2025-10-26T07:41:16.2584797Z</endTime>
  <complete>True</complete>
  <is_temp>False</is_temp>
  <is_readonly>True</is_readonly>
  <buildSummary />
</deployment>