<step title="BackgroundTrace" date="2025-10-25T22:01:44.974" instance="504896" url="/api/publish" method="POST" >
  <step title="Cleanup Xml Logs" date="2025-10-25T22:01:44.979" >
    <step title="Cleanup Infos" date="2025-10-25T22:01:44.992" totalFiles="244" totalCleanup="84" /><!-- duration: 6ms -->
  </step><!-- duration: 23ms -->
  <step title="Creating temporary deployment - FetchDeploymentManager" date="2025-10-25T22:01:45.068" /><!-- duration: 6ms -->
  <step title="Creating temporary deployment" date="2025-10-25T22:01:45.079" /><!-- duration: 81ms -->
  <step title="Performing fetch based deployment" date="2025-10-25T22:01:45.208" >
    <step title="Cleaning up temp folders from previous zip deployments and extracting pushed zip file /tmp/zipdeploy/d0308170-5584-421f-b6c5-42f83d686b01.zip (26.92 MB) to /tmp/zipdeploy/extracted" date="2025-10-25T22:01:46.451" >
      <step title="ChmodRecursive Process exited with total time taken in ms: 112" date="2025-10-25T22:01:50.264" /><!-- duration: 19ms -->
    </step><!-- duration: 3850ms -->
    <step title="Deployment timer started" date="2025-10-25T22:01:52.322" >
      <step title="DeploymentManager.Deploy(id:c2d177e6-78b4-4a49-8a43-4773b7ef331e)" date="2025-10-25T22:01:52.353" >
        <step title="Collecting changeset information" date="2025-10-25T22:01:52.450" /><!-- duration: 140ms -->
        <step title="Updating submodules" date="2025-10-25T22:01:52.601" /><!-- duration: 1165ms -->
        <step title="Determining deployment builder" date="2025-10-25T22:01:54.033" >
          <step title="Builder is OryxBuilder" date="2025-10-25T22:01:54.048" /><!-- duration: 10ms -->
        </step><!-- duration: 30ms -->
        <step title="PreDeployment: context.CleanOutputPath False" date="2025-10-25T22:01:54.129" >
          <step title="PreDeployment: context.OutputPath /home/site/wwwroot" date="2025-10-25T22:01:54.278" >
            <step title="Building" date="2025-10-25T22:01:54.460" >
              <step title="Executing external process" date="2025-10-25T22:01:54.840" type="process" path="bash" arguments="-c &quot;oryx build /tmp/zipdeploy/extracted -o /home/site/wwwroot --platform nodejs --platform-version 20 -p virtualenv_name= --log-file /tmp/build-debug.log  -i /tmp/8de14121bbf1cac -p compress_node_modules=tar-gz | tee /tmp/oryx-build.log ; exit $PIPESTATUS &quot;" /><!-- duration: 53216ms -->
              <step title="Using GenericDeploymentLogParser" date="2025-10-25T22:02:48.542" /><!-- duration: 10ms -->
              <step title="Modified file to trigger a restart of the app container." date="2025-10-25T22:02:50.592" /><!-- duration: 12ms -->
              <step title="Skip function trigger and logicapp sync because function is not enabled." date="2025-10-25T22:02:50.632" /><!-- duration: 9ms -->
              <step title="Purge deployment items" date="2025-10-25T22:02:51.954" >
                <step title="Remove 76521a9b-, Failed, received at 10/25/2025 22:01:29" date="2025-10-25T22:02:52.031" /><!-- duration: 4ms -->
              </step><!-- duration: 87ms -->
            </step><!-- duration: 57663ms -->
          </step><!-- duration: 57851ms -->
          <step title="Cleaning up temp files" date="2025-10-25T22:02:52.134" /><!-- duration: 477ms -->
          <step title="Cleaning up temp files" date="2025-10-25T22:02:52.615" /><!-- duration: 526ms -->
          <step title="Reloading status file with latest updates" date="2025-10-25T22:02:53.201" >
            <step title="WebHooksManager.PublishEventAsync: PostDeployment" date="2025-10-25T22:02:53.206" /><!-- duration: 34ms -->
          </step><!-- duration: 45ms -->
          <step title="Cleaning up temporary deployment - fetch deployment was successful" date="2025-10-25T22:02:53.253" /><!-- duration: 6ms -->
        </step><!-- duration: 59293ms -->
      </step><!-- duration: 61089ms -->
