<step title="Incoming Request" date="2025-10-25T22:21:08.210" instance="504896" url="/api/publish?async=true&amp;deployer=GITHUB_ONE_DEPLOY&amp;type=zip&amp;message=%7B%22type%22%3A%22deployment%22%2C%22sha%22%3A%226e5f024b40b198079cdbc8547bf7804ea5dd3124%22%2C%22repoName%22%3A%22VengurlekarMayuresh%2FEcommerce%22%2C%22actor%22%3A%22VengurlekarMayuresh%22%2C%22slotName%22%3A%22Production%22%2C%22commitMessage%22%3A%22Configure%20Azure-native%20services%3A%20Cosmos%20DB%2C%20Blob%20Storage%2C%20Key%20Vault%22%7D" method="POST" type="request" pid="833,1,24" Host="ecomm-app-4379.scm.azurewebsites.net" User-Agent="GITHUBACTIONS_DeployWebAppToAzure_85a8437dad18d601054a5ca9a5ef62e71eefa3c9ac7d843e02553bb9af9d5c17" Authorization="Bea..." Content-Type="application/octet-stream" Cookie="ARRAffinity=504896c031d2fcb93e96c5b802e958a974f760ea45aef3813e22443ccf4d3a0c;Path=/;HttpOnly;Secure;Domain=ecomm-app-4379.scm.azurewebsites.net; ARRAffinitySameSite=504896c031d2fcb93e96c5b802e958a974f760ea45aef3813e22443ccf4d3a0c;Path=/;HttpOnly;SameSite=None;Secure;Domain=ecomm-app-4379.scm.azurewebsites.net" Transfer-Encoding="chunked" X-ARR-LOG-ID="e47d14f7-2501-42ec-b830-3241d20de089" CLIENT-IP="13.83.217.52:10241" X-SITE-DEPLOYMENT-ID="ecomm-app-4379" WAS-DEFAULT-HOSTNAME="ecomm-app-4379.scm.azurewebsites.net" X-Forwarded-Proto="https" X-AppService-Proto="https" X-Forwarded-TlsVersion="1.3" X-WAWS-Unencoded-URL="/api/publish?async=true&amp;deployer=GITHUB_ONE_DEPLOY&amp;type=zip&amp;message=%7B%22type%22%3A%22deployment%22%2C%22sha%22%3A%226e5f024b40b198079cdbc8547bf7804ea5dd3124%22%2C%22repoName%22%3A%22VengurlekarMayuresh%2FEcommerce%22%2C%22actor%22%3A%22VengurlekarMayuresh%22%2C%22slotName%22%3A%22Production%22%2C%22commitMessage%22%3A%22Configure%20Azure-native%20services%3A%20Cosmos%20DB%2C%20Blob%20Storage%2C%20Key%20Vault%22%7D" X-Client-IP="13.83.217.52" X-Client-Port="10241" >
  <step title="Cleanup Xml Logs" date="2025-10-25T22:21:08.213" >
    <step title="Cleanup Infos" date="2025-10-25T22:21:08.227" totalFiles="279" totalCleanup="119" /><!-- duration: 8ms -->
  </step><!-- duration: 27ms -->
  <step title="OneDeploy" date="2025-10-25T22:21:08.260" >
    <step title="Starting PushDeployAsync" date="2025-10-25T22:21:08.278" /><!-- duration: 5ms -->
    <step title="Writing artifact to /tmp/zipdeploy/f75858da-1ca4-4756-a3e7-397d1c452060.zip" date="2025-10-25T22:21:08.303" >
      <step title="Writing multipart request body to /tmp/zipdeploy/f75858da-1ca4-4756-a3e7-397d1c452060.zip" date="2025-10-25T22:21:08.308" /><!-- duration: 12ms -->
    </step><!-- duration: 3026ms -->
    <step title="Start deployment in the background" date="2025-10-25T22:21:11.349" >
      <step title="Acquiring Deployment Lock" date="2025-10-25T22:21:11.405" /><!-- duration: 6ms -->
      <step title="Acquired Deployment Lock" date="2025-10-25T22:21:11.457" /><!-- duration: 5ms -->
    </step><!-- duration: 219ms -->
  </step><!-- duration: 3314ms -->
  <step title="Outgoing response" date="2025-10-25T22:21:11.579" type="response" statusCode="202" statusText="Accepted" /><!-- duration: 7ms -->
</step><!-- duration: 3384ms -->
