<step title="Incoming Request" date="2025-10-25T22:20:39.810" instance="504896" url="/api/deployments/latest?deployer=OneDeploy&amp;time=2025-10-25_22-20-25Z" method="GET" type="request" pid="833,1,19" Host="ecomm-app-4379.scm.azurewebsites.net" User-Agent="GITHUBACTIONS_DeployWebAppToAzure_85a8437dad18d601054a5ca9a5ef62e71eefa3c9ac7d843e02553bb9af9d5c17" Authorization="Bea..." Content-Type="application/json; charset=utf-8" Cookie="ARRAffinity=504896c031d2fcb93e96c5b802e958a974f760ea45aef3813e22443ccf4d3a0c;Path=/;HttpOnly;Secure;Domain=ecomm-app-4379.scm.azurewebsites.net; ARRAffinitySameSite=504896c031d2fcb93e96c5b802e958a974f760ea45aef3813e22443ccf4d3a0c;Path=/;HttpOnly;SameSite=None;Secure;Domain=ecomm-app-4379.scm.azurewebsites.net" Content-Length="0" X-ARR-LOG-ID="6184f4b3-d547-4917-a88c-ec78ed06af74" CLIENT-IP="57.151.138.6:24576" X-SITE-DEPLOYMENT-ID="ecomm-app-4379" WAS-DEFAULT-HOSTNAME="ecomm-app-4379.scm.azurewebsites.net" X-Forwarded-Proto="https" X-AppService-Proto="https" X-Forwarded-TlsVersion="1.3" X-WAWS-Unencoded-URL="/api/deployments/latest?deployer=OneDeploy&amp;time=2025-10-25_22-20-25Z" X-Client-IP="57.151.138.6" X-Client-Port="24576" >
  <step title="Cleanup Xml Logs" date="2025-10-25T22:20:39.845" >
    <step title="Cleanup Infos" date="2025-10-25T22:20:39.926" totalFiles="274" totalCleanup="114" /><!-- duration: 19ms -->
  </step><!-- duration: 111ms -->
  <step title="DeploymentService.GetResult" date="2025-10-25T22:20:40.098" >
    <step title="DeploymentService.GetLatestDeployment" date="2025-10-25T22:20:40.116" >
      <step title="DeploymentManager.GetResults" date="2025-10-25T22:20:40.128" /><!-- duration: 586ms -->
    </step><!-- duration: 628ms -->
  </step><!-- duration: 703ms -->
  <step title="Outgoing response" date="2025-10-25T22:20:40.820" type="response" statusCode="202" statusText="Accepted" /><!-- duration: 20ms -->
</step><!-- duration: 1042ms -->
