<step title="BackgroundTrace" date="2025-10-25T23:06:08.164" instance="504896" url="/api/publish" method="POST" >
  <step title="Cleanup Xml Logs" date="2025-10-25T23:06:08.168" >
    <step title="Cleanup Infos" date="2025-10-25T23:06:08.182" totalFiles="355" totalCleanup="195" /><!-- duration: 8ms -->
  </step><!-- duration: 27ms -->
  <step title="Creating temporary deployment - FetchDeploymentManager" date="2025-10-25T23:06:08.247" /><!-- duration: 4ms -->
  <step title="Creating temporary deployment" date="2025-10-25T23:06:08.256" /><!-- duration: 103ms -->
  <step title="Performing fetch based deployment" date="2025-10-25T23:06:08.416" >
    <step title="Deployment timer started" date="2025-10-25T23:06:11.663" >
      <step title="DeploymentManager.Deploy(id:3bf57840-a63d-4c96-ba70-175a16b7fa50)" date="2025-10-25T23:06:11.675" >
        <step title="Collecting changeset information" date="2025-10-25T23:06:11.719" /><!-- duration: 123ms -->
        <step title="Updating submodules" date="2025-10-25T23:06:11.853" /><!-- duration: 1153ms -->
        <step title="Determining deployment builder" date="2025-10-25T23:06:13.269" >
          <step title="Builder is RunFromZipSiteBuilder" date="2025-10-25T23:06:13.298" /><!-- duration: 4ms -->
        </step><!-- duration: 39ms -->
        <step title="PreDeployment: context.CleanOutputPath False" date="2025-10-25T23:06:13.383" >
          <step title="PreDeployment: context.OutputPath /home/site/wwwroot" date="2025-10-25T23:06:13.524" >
            <step title="Building" date="2025-10-25T23:06:13.676" >
              <step title="Modified file to trigger a restart of the app container." date="2025-10-25T23:06:14.151" /><!-- duration: 8ms -->
              <step title="Skip function trigger and logicapp sync because function is not enabled." date="2025-10-25T23:06:14.165" /><!-- duration: 11ms -->
            </step><!-- duration: 1790ms -->
          </step><!-- duration: 1948ms -->
          <step title="Cleaning up temp files" date="2025-10-25T23:06:15.477" /><!-- duration: 8ms -->
          <step title="Cleaning up temp files" date="2025-10-25T23:06:15.495" /><!-- duration: 508ms -->
          <step title="Reloading status file with latest updates" date="2025-10-25T23:06:16.340" >
            <step title="WebHooksManager.PublishEventAsync: PostDeployment" date="2025-10-25T23:06:16.347" /><!-- duration: 40ms -->
          </step><!-- duration: 51ms -->
          <step title="Cleaning up temporary deployment - fetch deployment was successful" date="2025-10-25T23:06:16.399" /><!-- duration: 4ms -->
        </step><!-- duration: 3104ms -->
      </step><!-- duration: 4832ms -->
