<step title="Incoming Request" date="2025-10-25T22:01:51.783" instance="504896" url="/api/deployments/latest?deployer=OneDeploy&amp;time=2025-10-25_22-01-45Z" method="GET" type="request" pid="834,1,41" Host="ecomm-app-4379.scm.azurewebsites.net" User-Agent="GITHUBACTIONS_DeployWebAppToAzure_85a8437dad18d601054a5ca9a5ef62e71eefa3c9ac7d843e02553bb9af9d5c17" Authorization="Bea..." Content-Type="application/json; charset=utf-8" Cookie="ARRAffinity=504896c031d2fcb93e96c5b802e958a974f760ea45aef3813e22443ccf4d3a0c;Path=/;HttpOnly;Secure;Domain=ecomm-app-4379.scm.azurewebsites.net; ARRAffinitySameSite=504896c031d2fcb93e96c5b802e958a974f760ea45aef3813e22443ccf4d3a0c;Path=/;HttpOnly;SameSite=None;Secure;Domain=ecomm-app-4379.scm.azurewebsites.net" Content-Length="0" X-ARR-LOG-ID="44e1cba9-2a54-403e-829a-c3443304e9c9" CLIENT-IP="145.132.99.132:20504" X-SITE-DEPLOYMENT-ID="ecomm-app-4379" WAS-DEFAULT-HOSTNAME="ecomm-app-4379.scm.azurewebsites.net" X-Forwarded-Proto="https" X-AppService-Proto="https" X-Forwarded-TlsVersion="1.3" X-WAWS-Unencoded-URL="/api/deployments/latest?deployer=OneDeploy&amp;time=2025-10-25_22-01-45Z" X-Client-IP="145.132.99.132" X-Client-Port="20504" >
  <step title="Cleanup Xml Logs" date="2025-10-25T22:01:51.791" >
    <step title="Cleanup Infos" date="2025-10-25T22:01:51.824" totalFiles="247" totalCleanup="87" /><!-- duration: 20ms -->
  </step><!-- duration: 61ms -->
  <step title="DeploymentService.GetResult" date="2025-10-25T22:01:51.879" >
    <step title="DeploymentService.GetLatestDeployment" date="2025-10-25T22:01:51.898" >
      <step title="DeploymentManager.GetResults" date="2025-10-25T22:01:51.908" /><!-- duration: 462ms -->
    </step><!-- duration: 509ms -->
  </step><!-- duration: 568ms -->
  <step title="Outgoing response" date="2025-10-25T22:01:52.466" type="response" statusCode="202" statusText="Accepted" /><!-- duration: 19ms -->
</step><!-- duration: 725ms -->
