<step title="Incoming Request" date="2025-10-25T19:18:51.513" instance="504896" url="/api/zipdeploy?isAsync=true" method="POST" type="request" pid="833,1,7" Accept="*/*" Host="ecomm-app-4379.scm.azurewebsites.net" User-Agent="AZURECLI/2.78.0 (MSI)" Accept-Encoding="gzip, deflate" Authorization="Bea..." Cache-Control="no-cache" Content-Type="application/octet-stream" Content-Length="210701" x-ms-client-request-id="68abfa2c-b1d7-11f0-9142-00e04f06f700" x-ms-artifact-checksum="79cea89a8d2f2c45106dc1b4dd69911a196071d46f994eeef40c592fe3c9ba7c" X-ARR-LOG-ID="68abfa2c-b1d7-11f0-9142-00e04f06f700" CLIENT-IP="182.48.210.98:33327" X-SITE-DEPLOYMENT-ID="ecomm-app-4379" WAS-DEFAULT-HOSTNAME="ecomm-app-4379.scm.azurewebsites.net" X-Forwarded-Proto="https" X-AppService-Proto="https" X-Forwarded-TlsVersion="1.3" X-WAWS-Unencoded-URL="/api/zipdeploy?isAsync=true" X-Client-IP="182.48.210.98" X-Client-Port="33327" >
  <step title="ZipPushDeploy" date="2025-10-25T19:18:52.128" >
    <step title="ZipDeploy. Extract zip. Remote build." date="2025-10-25T19:18:52.138" /><!-- duration: 6ms -->
    <step title="None repository commit" date="2025-10-25T19:18:52.152" >
      <step title="Commit id: 5c573b07-d2b1-4dfa-9edd-9fc9fd3b412f" date="2025-10-25T19:18:52.159" Message="N/A" AuthorName="N/A" AuthorEmail="N/A" /><!-- duration: 6ms -->
    </step><!-- duration: 18ms -->
    <step title="Starting PushDeployAsync" date="2025-10-25T19:18:52.176" /><!-- duration: 4ms -->
    <step title="Writing artifact to /tmp/zipdeploy/797b661a-651f-4977-86e9-05abbcba62a7.zip" date="2025-10-25T19:18:52.201" >
      <step title="Writing multipart request body to /tmp/zipdeploy/797b661a-651f-4977-86e9-05abbcba62a7.zip" date="2025-10-25T19:18:52.207" /><!-- duration: 5ms -->
    </step><!-- duration: 124ms -->
    <step title="Start deployment in the background" date="2025-10-25T19:18:52.368" >
      <step title="Acquiring Deployment Lock" date="2025-10-25T19:18:52.458" /><!-- duration: 5ms -->
      <step title="Acquired Deployment Lock" date="2025-10-25T19:18:52.560" /><!-- duration: 13ms -->
    </step><!-- duration: 329ms -->
  </step><!-- duration: 579ms -->
  <step title="Outgoing response" date="2025-10-25T19:18:52.729" type="response" statusCode="202" statusText="Accepted" /><!-- duration: 4ms -->
</step><!-- duration: 1225ms -->
