<step title="Incoming Request" date="2025-10-25T22:22:36.770" instance="504896" url="/api/deployments/latest?deployer=OneDeploy&amp;time=2025-10-25_22-21-11Z" method="GET" type="request" pid="833,1,19" Host="ecomm-app-4379.scm.azurewebsites.net" User-Agent="GITHUBACTIONS_DeployWebAppToAzure_85a8437dad18d601054a5ca9a5ef62e71eefa3c9ac7d843e02553bb9af9d5c17" Authorization="Bea..." Content-Type="application/json; charset=utf-8" Cookie="ARRAffinity=504896c031d2fcb93e96c5b802e958a974f760ea45aef3813e22443ccf4d3a0c;Path=/;HttpOnly;Secure;Domain=ecomm-app-4379.scm.azurewebsites.net; ARRAffinitySameSite=504896c031d2fcb93e96c5b802e958a974f760ea45aef3813e22443ccf4d3a0c;Path=/;HttpOnly;SameSite=None;Secure;Domain=ecomm-app-4379.scm.azurewebsites.net" Content-Length="0" X-ARR-LOG-ID="3feb8ab9-84ee-469a-bdcb-30ac9050acc7" CLIENT-IP="13.83.217.52:10242" X-SITE-DEPLOYMENT-ID="ecomm-app-4379" WAS-DEFAULT-HOSTNAME="ecomm-app-4379.scm.azurewebsites.net" X-Forwarded-Proto="https" X-AppService-Proto="https" X-Forwarded-TlsVersion="1.3" X-WAWS-Unencoded-URL="/api/deployments/latest?deployer=OneDeploy&amp;time=2025-10-25_22-21-11Z" X-Client-IP="13.83.217.52" X-Client-Port="10242" >
  <step title="Cleanup Xml Logs" date="2025-10-25T22:22:36.780" >
    <step title="Cleanup Infos" date="2025-10-25T22:22:36.953" totalFiles="293" totalCleanup="133" /><!-- duration: 41ms -->
  </step><!-- duration: 230ms -->
  <step title="DeploymentService.GetResult" date="2025-10-25T22:22:37.129" >
    <step title="DeploymentService.GetLatestDeployment" date="2025-10-25T22:22:37.245" >
      <step title="DeploymentManager.GetResults" date="2025-10-25T22:22:37.263" /><!-- duration: 1244ms -->
    </step><!-- duration: 1291ms -->
  </step><!-- duration: 1427ms -->
  <step title="Outgoing response" date="2025-10-25T22:22:38.585" type="response" statusCode="202" statusText="Accepted" /><!-- duration: 28ms -->
</step><!-- duration: 1853ms -->
