<step title="Incoming Request" date="2025-10-25T22:20:21.901" instance="504896" url="/api/publish?async=true&amp;deployer=GITHUB_ONE_DEPLOY&amp;type=zip&amp;message=%7B%22type%22%3A%22deployment%22%2C%22sha%22%3A%226e5f024b40b198079cdbc8547bf7804ea5dd3124%22%2C%22repoName%22%3A%22VengurlekarMayuresh%2FEcommerce%22%2C%22actor%22%3A%22VengurlekarMayuresh%22%2C%22slotName%22%3A%22Production%22%2C%22commitMessage%22%3A%22Configure%20Azure-native%20services%3A%20Cosmos%20DB%2C%20Blob%20Storage%2C%20Key%20Vault%22%7D" method="POST" type="request" pid="833,1,20" Host="ecomm-app-4379.scm.azurewebsites.net" User-Agent="GITHUBACTIONS_DeployWebAppToAzure_85a8437dad18d601054a5ca9a5ef62e71eefa3c9ac7d843e02553bb9af9d5c17" Authorization="Bea..." Content-Type="application/octet-stream" Cookie="ARRAffinity=504896c031d2fcb93e96c5b802e958a974f760ea45aef3813e22443ccf4d3a0c;Path=/;HttpOnly;Secure;Domain=ecomm-app-4379.scm.azurewebsites.net; ARRAffinitySameSite=504896c031d2fcb93e96c5b802e958a974f760ea45aef3813e22443ccf4d3a0c;Path=/;HttpOnly;SameSite=None;Secure;Domain=ecomm-app-4379.scm.azurewebsites.net" Transfer-Encoding="chunked" X-ARR-LOG-ID="2c3301c3-8f48-4119-8180-d3e9f204df0b" CLIENT-IP="57.151.138.6:24576" X-SITE-DEPLOYMENT-ID="ecomm-app-4379" WAS-DEFAULT-HOSTNAME="ecomm-app-4379.scm.azurewebsites.net" X-Forwarded-Proto="https" X-AppService-Proto="https" X-Forwarded-TlsVersion="1.3" X-WAWS-Unencoded-URL="/api/publish?async=true&amp;deployer=GITHUB_ONE_DEPLOY&amp;type=zip&amp;message=%7B%22type%22%3A%22deployment%22%2C%22sha%22%3A%226e5f024b40b198079cdbc8547bf7804ea5dd3124%22%2C%22repoName%22%3A%22VengurlekarMayuresh%2FEcommerce%22%2C%22actor%22%3A%22VengurlekarMayuresh%22%2C%22slotName%22%3A%22Production%22%2C%22commitMessage%22%3A%22Configure%20Azure-native%20services%3A%20Cosmos%20DB%2C%20Blob%20Storage%2C%20Key%20Vault%22%7D" X-Client-IP="57.151.138.6" X-Client-Port="24576" >
  <step title="Cleanup Xml Logs" date="2025-10-25T22:20:21.905" >
    <step title="Cleanup Infos" date="2025-10-25T22:20:21.923" totalFiles="270" totalCleanup="110" /><!-- duration: 11ms -->
  </step><!-- duration: 35ms -->
  <step title="OneDeploy" date="2025-10-25T22:20:22.169" >
    <step title="None repository commit" date="2025-10-25T22:20:22.197" >
      <step title="Commit id: 25ed239d-9c67-44db-80ec-36a421672204" date="2025-10-25T22:20:22.202" Message="N/A" AuthorName="N/A" AuthorEmail="N/A" /><!-- duration: 4ms -->
    </step><!-- duration: 14ms -->
    <step title="Starting PushDeployAsync" date="2025-10-25T22:20:22.216" /><!-- duration: 5ms -->
    <step title="Removing node_modules symlink" date="2025-10-25T22:20:22.341" >
      <step title="Writing artifact to /tmp/zipdeploy/e37967fe-9da8-4413-9cab-328950f9602b.zip" date="2025-10-25T22:20:22.598" >
        <step title="Writing multipart request body to /tmp/zipdeploy/e37967fe-9da8-4413-9cab-328950f9602b.zip" date="2025-10-25T22:20:22.646" /><!-- duration: 8ms -->
      </step><!-- duration: 2654ms -->
      <step title="Removing previous build artifact&apos;s manifest file" date="2025-10-25T22:20:25.285" >
        <step title="Start deployment in the background" date="2025-10-25T22:20:25.341" >
          <step title="Acquiring Deployment Lock" date="2025-10-25T22:20:25.571" /><!-- duration: 8ms -->
          <step title="Acquired Deployment Lock" date="2025-10-25T22:20:25.675" /><!-- duration: 5ms -->
        </step><!-- duration: 524ms -->
      </step><!-- duration: 606ms -->
      <step title="Outgoing response" date="2025-10-25T22:20:25.917" type="response" statusCode="202" statusText="Accepted" /><!-- duration: 21ms -->
    </step><!-- duration: 3603ms -->
