<step title="BackgroundTrace" date="2025-10-25T22:50:42.516" instance="504896" url="/api/publish" method="POST" >
  <step title="Cleanup Xml Logs" date="2025-10-25T22:50:42.573" >
    <step title="Cleanup Infos" date="2025-10-25T22:50:43.444" totalFiles="328" totalCleanup="168" /><!-- duration: 191ms -->
  </step><!-- duration: 1191ms -->
  <step title="Creating temporary deployment - FetchDeploymentManager" date="2025-10-25T22:50:45.336" /><!-- duration: 11ms -->
  <step title="Creating temporary deployment" date="2025-10-25T22:50:45.359" /><!-- duration: 1402ms -->
  <step title="Performing fetch based deployment" date="2025-10-25T22:50:47.447" >
    <step title="Deployment timer started" date="2025-10-25T22:50:53.566" >
      <step title="DeploymentManager.Deploy(id:84c2bd39-f5c2-409e-a11b-6e2acb1a68c5)" date="2025-10-25T22:50:53.621" >
        <step title="Collecting changeset information" date="2025-10-25T22:50:53.740" /><!-- duration: 1730ms -->
        <step title="Updating submodules" date="2025-10-25T22:50:55.663" /><!-- duration: 2350ms -->
        <step title="Determining deployment builder" date="2025-10-25T22:51:09.937" >
          <step title="Builder is RunFromZipSiteBuilder" date="2025-10-25T22:51:10.829" /><!-- duration: 473ms -->
        </step><!-- duration: 1788ms -->
        <step title="PreDeployment: context.CleanOutputPath False" date="2025-10-25T22:51:12.314" >
          <step title="PreDeployment: context.OutputPath /home/site/wwwroot" date="2025-10-25T22:51:13.549" >
            <step title="Building" date="2025-10-25T22:51:14.540" >
              <step title="Modified file to trigger a restart of the app container." date="2025-10-25T22:51:27.722" /><!-- duration: 31ms -->
              <step title="Skip function trigger and logicapp sync because function is not enabled." date="2025-10-25T22:51:27.812" /><!-- duration: 56ms -->
            </step><!-- duration: 22559ms -->
          </step><!-- duration: 23575ms -->
          <step title="Cleaning up temp files" date="2025-10-25T22:51:37.134" /><!-- duration: 153ms -->
          <step title="Cleaning up temp files" date="2025-10-25T22:51:37.435" /><!-- duration: 612ms -->
          <step title="Reloading status file with latest updates" date="2025-10-25T22:51:38.400" >
            <step title="WebHooksManager.PublishEventAsync: PostDeployment" date="2025-10-25T22:51:38.544" /><!-- duration: 265ms -->
          </step><!-- duration: 428ms -->
          <step title="Cleaning up temporary deployment - fetch deployment was successful" date="2025-10-25T22:51:38.858" /><!-- duration: 17ms -->
        </step><!-- duration: 26725ms -->
      </step><!-- duration: 45605ms -->
