<step title="Incoming Request" date="2025-10-25T22:52:04.092" instance="504896" url="/api/deployments/latest?deployer=OneDeploy&amp;time=2025-10-25_22-51-57Z" method="GET" type="request" pid="831,1,27" Host="ecomm-app-4379.scm.azurewebsites.net" User-Agent="GITHUBACTIONS_DeployWebAppToAzure_85a8437dad18d601054a5ca9a5ef62e71eefa3c9ac7d843e02553bb9af9d5c17" Authorization="Bea..." Content-Type="application/json; charset=utf-8" Cookie="ARRAffinity=504896c031d2fcb93e96c5b802e958a974f760ea45aef3813e22443ccf4d3a0c;Path=/;HttpOnly;Secure;Domain=ecomm-app-4379.scm.azurewebsites.net; ARRAffinitySameSite=504896c031d2fcb93e96c5b802e958a974f760ea45aef3813e22443ccf4d3a0c;Path=/;HttpOnly;SameSite=None;Secure;Domain=ecomm-app-4379.scm.azurewebsites.net" Content-Length="0" X-ARR-LOG-ID="5b249403-d0f8-4062-8da7-0797600440c3" CLIENT-IP="68.220.63.2:29698" X-SITE-DEPLOYMENT-ID="ecomm-app-4379" WAS-DEFAULT-HOSTNAME="ecomm-app-4379.scm.azurewebsites.net" X-Forwarded-Proto="https" X-AppService-Proto="https" X-Forwarded-TlsVersion="1.3" X-WAWS-Unencoded-URL="/api/deployments/latest?deployer=OneDeploy&amp;time=2025-10-25_22-51-57Z" X-Client-IP="68.220.63.2" X-Client-Port="29698" >
  <step title="Cleanup Xml Logs" date="2025-10-25T22:52:04.110" >
    <step title="Cleanup Infos" date="2025-10-25T22:52:04.194" totalFiles="341" totalCleanup="181" /><!-- duration: 25ms -->
  </step><!-- duration: 146ms -->
  <step title="DeploymentService.GetResult" date="2025-10-25T22:52:04.383" >
    <step title="DeploymentService.GetLatestDeployment" date="2025-10-25T22:52:04.403" >
      <step title="DeploymentManager.GetResults" date="2025-10-25T22:52:04.508" /><!-- duration: 2648ms -->
    </step><!-- duration: 2761ms -->
  </step><!-- duration: 2789ms -->
  <step title="Outgoing response" date="2025-10-25T22:52:07.181" type="response" statusCode="202" statusText="Accepted" /><!-- duration: 9ms -->
</step><!-- duration: 3103ms -->
