<step title="BackgroundTrace" date="2025-10-25T20:47:21.870" instance="504896" url="/api/zipdeploy" method="POST" >
  <step title="Creating temporary deployment - FetchDeploymentManager" date="2025-10-25T20:47:22.089" /><!-- duration: 9ms -->
  <step title="Creating temporary deployment" date="2025-10-25T20:47:22.120" /><!-- duration: 128ms -->
  <step title="Performing fetch based deployment" date="2025-10-25T20:47:22.557" >
    <step title="Cleaning up temp folders from previous zip deployments and extracting pushed zip file /tmp/zipdeploy/d15652f2-105d-41ba-8cfa-50a33579cce3.zip (5.29 MB) to /tmp/zipdeploy/extracted" date="2025-10-25T20:47:24.129" >
      <step title="ChmodRecursive Process exited with total time taken in ms: 544" date="2025-10-25T20:47:32.774" /><!-- duration: 17ms -->
    </step><!-- duration: 8667ms -->
    <step title="Deployment timer started" date="2025-10-25T20:47:34.849" >
      <step title="DeploymentManager.Deploy(id:6381dcd2-d462-4424-bdc2-046bc59d0a19)" date="2025-10-25T20:47:34.868" >
        <step title="Collecting changeset information" date="2025-10-25T20:47:35.062" /><!-- duration: 633ms -->
        <step title="Updating submodules" date="2025-10-25T20:47:35.731" /><!-- duration: 1251ms -->
        <step title="Determining deployment builder" date="2025-10-25T20:47:37.339" >
          <step title="Builder is BasicBuilder" date="2025-10-25T20:47:37.354" /><!-- duration: 15ms -->
        </step><!-- duration: 60ms -->
        <step title="PreDeployment: context.CleanOutputPath False" date="2025-10-25T20:47:37.553" >
          <step title="PreDeployment: context.OutputPath /home/site/wwwroot" date="2025-10-25T20:47:37.865" >
            <step title="Building" date="2025-10-25T20:47:38.318" >
              <step title="Executing external process" date="2025-10-25T20:47:39.000" type="process" path="starter.sh" arguments="/opt/Kudu/Scripts/parallel_rsync.sh /tmp/zipdeploy/extracted /home/site/wwwroot 8 /tmp/ False True  " /><!-- duration: 19791ms -->
              <step title="Triggering recycle (preview mode disabled)." date="2025-10-25T20:47:59.341" /><!-- duration: 19ms -->
              <step title="Modified file to trigger a restart of the app container." date="2025-10-25T20:47:59.426" /><!-- duration: 10ms -->
              <step title="Skip function trigger and logicapp sync because function is not enabled." date="2025-10-25T20:47:59.458" /><!-- duration: 36ms -->
            </step><!-- duration: 22729ms -->
          </step><!-- duration: 23190ms -->
          <step title="Cleaning up temp files" date="2025-10-25T20:48:01.060" /><!-- duration: 13ms -->
          <step title="Cleaning up temp files" date="2025-10-25T20:48:01.083" /><!-- duration: 515ms -->
          <step title="Reloading status file with latest updates" date="2025-10-25T20:48:01.682" >
            <step title="WebHooksManager.PublishEventAsync: PostDeployment" date="2025-10-25T20:48:01.704" /><!-- duration: 76ms -->
          </step><!-- duration: 116ms -->
          <step title="Cleaning up temporary deployment - fetch deployment was successful" date="2025-10-25T20:48:01.838" /><!-- duration: 19ms -->
        </step><!-- duration: 24604ms -->
      </step><!-- duration: 27420ms -->
