<step title="Incoming Request" date="2025-10-25T23:05:42.054" instance="504896" url="/api/publish?async=true&amp;deployer=GITHUB_ONE_DEPLOY&amp;type=zip&amp;message=%7B%22type%22%3A%22deployment%22%2C%22sha%22%3A%221476ac4c22906c7610afde092341cd4b42778e20%22%2C%22repoName%22%3A%22VengurlekarMayuresh%2FEcommerce%22%2C%22actor%22%3A%22VengurlekarMayuresh%22%2C%22slotName%22%3A%22Production%22%2C%22commitMessage%22%3A%22its%20oks%22%7D" method="POST" type="request" pid="831,1,21" Host="ecomm-app-4379.scm.azurewebsites.net" User-Agent="GITHUBACTIONS_DeployWebAppToAzure_85a8437dad18d601054a5ca9a5ef62e71eefa3c9ac7d843e02553bb9af9d5c17" Authorization="Bea..." Content-Type="application/octet-stream" Cookie="ARRAffinity=504896c031d2fcb93e96c5b802e958a974f760ea45aef3813e22443ccf4d3a0c;Path=/;HttpOnly;Secure;Domain=ecomm-app-4379.scm.azurewebsites.net; ARRAffinitySameSite=504896c031d2fcb93e96c5b802e958a974f760ea45aef3813e22443ccf4d3a0c;Path=/;HttpOnly;SameSite=None;Secure;Domain=ecomm-app-4379.scm.azurewebsites.net" Transfer-Encoding="chunked" X-ARR-LOG-ID="6c21f9b0-e6ef-40c1-820c-84763f767956" CLIENT-IP="20.81.183.81:57352" X-SITE-DEPLOYMENT-ID="ecomm-app-4379" WAS-DEFAULT-HOSTNAME="ecomm-app-4379.scm.azurewebsites.net" X-Forwarded-Proto="https" X-AppService-Proto="https" X-Forwarded-TlsVersion="1.3" X-WAWS-Unencoded-URL="/api/publish?async=true&amp;deployer=GITHUB_ONE_DEPLOY&amp;type=zip&amp;message=%7B%22type%22%3A%22deployment%22%2C%22sha%22%3A%221476ac4c22906c7610afde092341cd4b42778e20%22%2C%22repoName%22%3A%22VengurlekarMayuresh%2FEcommerce%22%2C%22actor%22%3A%22VengurlekarMayuresh%22%2C%22slotName%22%3A%22Production%22%2C%22commitMessage%22%3A%22its%20oks%22%7D" X-Client-IP="20.81.183.81" X-Client-Port="57352" >
  <step title="OneDeploy" date="2025-10-25T23:05:42.080" >
    <step title="Starting PushDeployAsync" date="2025-10-25T23:05:42.090" /><!-- duration: 10ms -->
    <step title="WEBSITE_RUN_FROM_PACKAGE is set to 1. Writing zip to SitePackagesPath" date="2025-10-25T23:05:42.109" /><!-- duration: 6ms -->
    <step title="Copying zip to SitePackages /home/data/SitePackages/20251025230542.zip from request body" date="2025-10-25T23:05:42.123" /><!-- duration: 50ms -->
    <step title="Writing multipart request body to /home/data/SitePackages/20251025230542.zip" date="2025-10-25T23:05:42.188" /><!-- duration: 13ms -->
    <step title="Start deployment in the background" date="2025-10-25T23:05:49.557" >
      <step title="Acquiring Deployment Lock" date="2025-10-25T23:05:49.595" /><!-- duration: 6ms -->
      <step title="Cannot Acquire Deployment Lock already held" date="2025-10-25T23:05:49.623" /><!-- duration: 6ms -->
    </step><!-- duration: 155ms -->
    <step title="There is a deployment currently in progress. Please try again when it completes." date="2025-10-25T23:05:49.724" /><!-- duration: 13ms -->
  </step><!-- duration: 7662ms -->
  <step title="Outgoing response" date="2025-10-25T23:05:49.760" type="response" statusCode="409" statusText="Conflict" /><!-- duration: 4ms -->
</step><!-- duration: 7722ms -->
