<step title="Incoming Request" date="2025-10-25T22:50:50.619" instance="504896" url="/api/publish?async=true&amp;deployer=GITHUB_ONE_DEPLOY&amp;type=zip&amp;message=%7B%22type%22%3A%22deployment%22%2C%22sha%22%3A%22c52c974a9297ffd68ae9497fbb5b7f30c4487a6d%22%2C%22repoName%22%3A%22VengurlekarMayuresh%2FEcommerce%22%2C%22actor%22%3A%22VengurlekarMayuresh%22%2C%22slotName%22%3A%22Production%22%2C%22commitMessage%22%3A%22Merge%20branch%20%27main%27%20of%20https%3A%2F%2Fgithub.com%2FVengurlekarMayuresh%2FEcommerce%20into%20external%22%7D" method="POST" type="request" pid="831,1,26" Host="ecomm-app-4379.scm.azurewebsites.net" User-Agent="GITHUBACTIONS_DeployWebAppToAzure_85a8437dad18d601054a5ca9a5ef62e71eefa3c9ac7d843e02553bb9af9d5c17" Authorization="Bea..." Content-Type="application/octet-stream" Cookie="ARRAffinity=504896c031d2fcb93e96c5b802e958a974f760ea45aef3813e22443ccf4d3a0c;Path=/;HttpOnly;Secure;Domain=ecomm-app-4379.scm.azurewebsites.net; ARRAffinitySameSite=504896c031d2fcb93e96c5b802e958a974f760ea45aef3813e22443ccf4d3a0c;Path=/;HttpOnly;SameSite=None;Secure;Domain=ecomm-app-4379.scm.azurewebsites.net" Transfer-Encoding="chunked" X-ARR-LOG-ID="3db344d4-8add-4e80-a90f-72fa99b1d534" CLIENT-IP="68.220.63.2:29696" X-SITE-DEPLOYMENT-ID="ecomm-app-4379" WAS-DEFAULT-HOSTNAME="ecomm-app-4379.scm.azurewebsites.net" X-Forwarded-Proto="https" X-AppService-Proto="https" X-Forwarded-TlsVersion="1.3" X-WAWS-Unencoded-URL="/api/publish?async=true&amp;deployer=GITHUB_ONE_DEPLOY&amp;type=zip&amp;message=%7B%22type%22%3A%22deployment%22%2C%22sha%22%3A%22c52c974a9297ffd68ae9497fbb5b7f30c4487a6d%22%2C%22repoName%22%3A%22VengurlekarMayuresh%2FEcommerce%22%2C%22actor%22%3A%22VengurlekarMayuresh%22%2C%22slotName%22%3A%22Production%22%2C%22commitMessage%22%3A%22Merge%20branch%20%27main%27%20of%20https%3A%2F%2Fgithub.com%2FVengurlekarMayuresh%2FEcommerce%20into%20external%22%7D" X-Client-IP="68.220.63.2" X-Client-Port="29696" >
  <step title="Cleanup Xml Logs" date="2025-10-25T22:50:50.647" >
    <step title="Cleanup Infos" date="2025-10-25T22:50:50.826" totalFiles="331" totalCleanup="171" /><!-- duration: 75ms -->
  </step><!-- duration: 300ms -->
  <step title="OneDeploy" date="2025-10-25T22:50:51.158" >
    <step title="Starting PushDeployAsync" date="2025-10-25T22:50:51.195" /><!-- duration: 68ms -->
    <step title="WEBSITE_RUN_FROM_PACKAGE is set to 1. Writing zip to SitePackagesPath" date="2025-10-25T22:50:51.382" /><!-- duration: 27ms -->
    <step title="Copying zip to SitePackages /home/data/SitePackages/20251025225051.zip from request body" date="2025-10-25T22:50:51.567" /><!-- duration: 41ms -->
    <step title="Writing multipart request body to /home/data/SitePackages/20251025225051.zip" date="2025-10-25T22:50:51.723" /><!-- duration: 11ms -->
    <step title="Deleting outdated zip file /home/data/SitePackages/20251025223408.zip" date="2025-10-25T22:51:12.159" /><!-- duration: 115ms -->
    <step title="Start deployment in the background" date="2025-10-25T22:51:12.390" >
      <step title="Acquiring Deployment Lock" date="2025-10-25T22:51:13.534" /><!-- duration: 5ms -->
      <step title="Cannot Acquire Deployment Lock already held" date="2025-10-25T22:51:13.688" /><!-- duration: 12ms -->
    </step><!-- duration: 1834ms -->
    <step title="There is a deployment currently in progress. Please try again when it completes." date="2025-10-25T22:51:14.252" /><!-- duration: 28ms -->
  </step><!-- duration: 23248ms -->
  <step title="Outgoing response" date="2025-10-25T22:51:14.473" type="response" statusCode="409" statusText="Conflict" /><!-- duration: 40ms -->
</step><!-- duration: 23933ms -->
