<step title="Incoming Request" date="2025-10-25T22:01:42.421" instance="504896" url="/api/publish?async=true&amp;deployer=GITHUB_ONE_DEPLOY&amp;type=zip&amp;message=%7B%22type%22%3A%22deployment%22%2C%22sha%22%3A%22557c8145a26035c86b906980f44dc6688f7e7396%22%2C%22repoName%22%3A%22VengurlekarMayuresh%2FEcommerce%22%2C%22actor%22%3A%22VengurlekarMayuresh%22%2C%22slotName%22%3A%22Production%22%2C%22commitMessage%22%3A%22Add%20Azure%20deployment%20workflow%22%7D" method="POST" type="request" pid="834,1,36" Host="ecomm-app-4379.scm.azurewebsites.net" User-Agent="GITHUBACTIONS_DeployWebAppToAzure_85a8437dad18d601054a5ca9a5ef62e71eefa3c9ac7d843e02553bb9af9d5c17" Authorization="Bea..." Content-Type="application/octet-stream" Cookie="ARRAffinity=504896c031d2fcb93e96c5b802e958a974f760ea45aef3813e22443ccf4d3a0c;Path=/;HttpOnly;Secure;Domain=ecomm-app-4379.scm.azurewebsites.net; ARRAffinitySameSite=504896c031d2fcb93e96c5b802e958a974f760ea45aef3813e22443ccf4d3a0c;Path=/;HttpOnly;SameSite=None;Secure;Domain=ecomm-app-4379.scm.azurewebsites.net" Transfer-Encoding="chunked" X-ARR-LOG-ID="bc13314c-962e-4947-87d2-527fe0fc9d6d" CLIENT-IP="145.132.99.132:20505" X-SITE-DEPLOYMENT-ID="ecomm-app-4379" WAS-DEFAULT-HOSTNAME="ecomm-app-4379.scm.azurewebsites.net" X-Forwarded-Proto="https" X-AppService-Proto="https" X-Forwarded-TlsVersion="1.3" X-WAWS-Unencoded-URL="/api/publish?async=true&amp;deployer=GITHUB_ONE_DEPLOY&amp;type=zip&amp;message=%7B%22type%22%3A%22deployment%22%2C%22sha%22%3A%22557c8145a26035c86b906980f44dc6688f7e7396%22%2C%22repoName%22%3A%22VengurlekarMayuresh%2FEcommerce%22%2C%22actor%22%3A%22VengurlekarMayuresh%22%2C%22slotName%22%3A%22Production%22%2C%22commitMessage%22%3A%22Add%20Azure%20deployment%20workflow%22%7D" X-Client-IP="145.132.99.132" X-Client-Port="20505" >
  <step title="OneDeploy" date="2025-10-25T22:01:42.431" >
    <step title="Starting PushDeployAsync" date="2025-10-25T22:01:42.440" /><!-- duration: 17ms -->
    <step title="Writing artifact to /tmp/zipdeploy/d0308170-5584-421f-b6c5-42f83d686b01.zip" date="2025-10-25T22:01:42.502" >
      <step title="Writing multipart request body to /tmp/zipdeploy/d0308170-5584-421f-b6c5-42f83d686b01.zip" date="2025-10-25T22:01:42.506" /><!-- duration: 4ms -->
    </step><!-- duration: 2447ms -->
    <step title="Start deployment in the background" date="2025-10-25T22:01:44.968" >
      <step title="Acquiring Deployment Lock" date="2025-10-25T22:01:45.011" /><!-- duration: 5ms -->
      <step title="Acquired Deployment Lock" date="2025-10-25T22:01:45.057" /><!-- duration: 4ms -->
    </step><!-- duration: 197ms -->
  </step><!-- duration: 2740ms -->
  <step title="Outgoing response" date="2025-10-25T22:01:45.176" type="response" statusCode="202" statusText="Accepted" /><!-- duration: 11ms -->
</step><!-- duration: 2772ms -->
