<step title="BackgroundTrace" date="2025-10-25T18:54:03.661" instance="504896" url="/api/zipdeploy" method="POST" >
  <step title="Creating temporary deployment - FetchDeploymentManager" date="2025-10-25T18:54:03.784" /><!-- duration: 10ms -->
  <step title="Creating temporary deployment" date="2025-10-25T18:54:03.802" /><!-- duration: 98ms -->
  <step title="Performing fetch based deployment" date="2025-10-25T18:54:03.976" >
    <step title="Cleaning up temp folders from previous zip deployments and extracting pushed zip file /tmp/zipdeploy/d6372e8e-087e-44dc-b605-42449ba2eefe.zip (0.04 MB) to /tmp/zipdeploy/extracted" date="2025-10-25T18:54:05.178" /><!-- duration: 95ms -->
    <step title="Deployment timer started" date="2025-10-25T18:54:07.310" >
      <step title="DeploymentManager.Deploy(id:6b8650e3-ac23-4328-aef5-6f3782dc8431)" date="2025-10-25T18:54:07.323" >
        <step title="Collecting changeset information" date="2025-10-25T18:54:07.366" /><!-- duration: 156ms -->
        <step title="Updating submodules" date="2025-10-25T18:54:07.533" /><!-- duration: 1176ms -->
        <step title="Determining deployment builder" date="2025-10-25T18:54:09.332" >
          <step title="Builder is BasicBuilder" date="2025-10-25T18:54:09.400" /><!-- duration: 10ms -->
        </step><!-- duration: 109ms -->
        <step title="PreDeployment: context.CleanOutputPath False" date="2025-10-25T18:54:09.619" >
          <step title="PreDeployment: context.OutputPath /home/site/wwwroot" date="2025-10-25T18:54:09.826" >
            <step title="Building" date="2025-10-25T18:54:09.976" >
              <step title="Executing external process" date="2025-10-25T18:54:10.629" type="process" path="starter.sh" arguments="/opt/Kudu/Scripts/parallel_rsync.sh /tmp/zipdeploy/extracted /home/site/wwwroot 8 /tmp/ False True  " /><!-- duration: 598ms -->
              <step title="Triggering recycle (preview mode disabled)." date="2025-10-25T18:54:11.597" /><!-- duration: 8ms -->
              <step title="Modified file to trigger a restart of the app container." date="2025-10-25T18:54:11.633" /><!-- duration: 7ms -->
              <step title="Skip function trigger and logicapp sync because function is not enabled." date="2025-10-25T18:54:11.650" /><!-- duration: 27ms -->
              <step title="Purge deployment items" date="2025-10-25T18:54:12.501" >
                <step title="Remove 9f49e047-, Failed, received at 10/25/2025 18:52:29" date="2025-10-25T18:54:12.570" /><!-- duration: 4ms -->
              </step><!-- duration: 79ms -->
            </step><!-- duration: 2694ms -->
          </step><!-- duration: 2850ms -->
          <step title="Cleaning up temp files" date="2025-10-25T18:54:12.681" /><!-- duration: 6ms -->
          <step title="Cleaning up temp files" date="2025-10-25T18:54:12.698" /><!-- duration: 511ms -->
          <step title="Reloading status file with latest updates" date="2025-10-25T18:54:13.267" >
            <step title="WebHooksManager.PublishEventAsync: PostDeployment" date="2025-10-25T18:54:13.316" /><!-- duration: 171ms -->
          </step><!-- duration: 224ms -->
          <step title="Cleaning up temporary deployment - fetch deployment was successful" date="2025-10-25T18:54:13.504" /><!-- duration: 6ms -->
        </step><!-- duration: 3976ms -->
      </step><!-- duration: 6297ms -->
