<step title="Incoming Request" date="2025-10-25T22:50:27.659" instance="504896" url="/api/publish?async=true&amp;deployer=GITHUB_ONE_DEPLOY&amp;type=zip&amp;message=%7B%22type%22%3A%22deployment%22%2C%22sha%22%3A%22c52c974a9297ffd68ae9497fbb5b7f30c4487a6d%22%2C%22repoName%22%3A%22VengurlekarMayuresh%2FEcommerce%22%2C%22actor%22%3A%22VengurlekarMayuresh%22%2C%22slotName%22%3A%22Production%22%2C%22commitMessage%22%3A%22Merge%20branch%20%27main%27%20of%20https%3A%2F%2Fgithub.com%2FVengurlekarMayuresh%2FEcommerce%20into%20external%22%7D" method="POST" type="request" pid="831,1,23" Host="ecomm-app-4379.scm.azurewebsites.net" User-Agent="GITHUBACTIONS_DeployWebAppToAzure_85a8437dad18d601054a5ca9a5ef62e71eefa3c9ac7d843e02553bb9af9d5c17" Authorization="Bea..." Content-Type="application/octet-stream" Cookie="ARRAffinity=504896c031d2fcb93e96c5b802e958a974f760ea45aef3813e22443ccf4d3a0c;Path=/;HttpOnly;Secure;Domain=ecomm-app-4379.scm.azurewebsites.net; ARRAffinitySameSite=504896c031d2fcb93e96c5b802e958a974f760ea45aef3813e22443ccf4d3a0c;Path=/;HttpOnly;SameSite=None;Secure;Domain=ecomm-app-4379.scm.azurewebsites.net" Transfer-Encoding="chunked" X-ARR-LOG-ID="5cec909c-115e-4949-9bca-2f0d3d46abc9" CLIENT-IP="172.184.210.210:15376" X-SITE-DEPLOYMENT-ID="ecomm-app-4379" WAS-DEFAULT-HOSTNAME="ecomm-app-4379.scm.azurewebsites.net" X-Forwarded-Proto="https" X-AppService-Proto="https" X-Forwarded-TlsVersion="1.3" X-WAWS-Unencoded-URL="/api/publish?async=true&amp;deployer=GITHUB_ONE_DEPLOY&amp;type=zip&amp;message=%7B%22type%22%3A%22deployment%22%2C%22sha%22%3A%22c52c974a9297ffd68ae9497fbb5b7f30c4487a6d%22%2C%22repoName%22%3A%22VengurlekarMayuresh%2FEcommerce%22%2C%22actor%22%3A%22VengurlekarMayuresh%22%2C%22slotName%22%3A%22Production%22%2C%22commitMessage%22%3A%22Merge%20branch%20%27main%27%20of%20https%3A%2F%2Fgithub.com%2FVengurlekarMayuresh%2FEcommerce%20into%20external%22%7D" X-Client-IP="172.184.210.210" X-Client-Port="15376" >
  <step title="OneDeploy" date="2025-10-25T22:50:27.814" >
    <step title="Starting PushDeployAsync" date="2025-10-25T22:50:28.107" /><!-- duration: 40ms -->
    <step title="WEBSITE_RUN_FROM_PACKAGE is set to 1. Writing zip to SitePackagesPath" date="2025-10-25T22:50:28.319" /><!-- duration: 28ms -->
    <step title="Copying zip to SitePackages /home/data/SitePackages/20251025225028.zip from request body" date="2025-10-25T22:50:28.668" /><!-- duration: 126ms -->
    <step title="Writing multipart request body to /home/data/SitePackages/20251025225028.zip" date="2025-10-25T22:50:28.900" /><!-- duration: 38ms -->
    <step title="Start deployment in the background" date="2025-10-25T22:50:42.370" >
      <step title="Acquiring Deployment Lock" date="2025-10-25T22:50:44.577" /><!-- duration: 36ms -->
      <step title="Acquired Deployment Lock" date="2025-10-25T22:50:45.251" /><!-- duration: 67ms -->
    </step><!-- duration: 4419ms -->
  </step><!-- duration: 19336ms -->
  <step title="Outgoing response" date="2025-10-25T22:50:47.178" type="response" statusCode="202" statusText="Accepted" /><!-- duration: 18ms -->
</step><!-- duration: 19549ms -->
