<step title="Incoming Request" date="2025-10-25T22:50:56.148" instance="504896" url="/api/deployments/latest?deployer=OneDeploy&amp;time=2025-10-25_22-50-46Z" method="GET" type="request" pid="831,1,26" Host="ecomm-app-4379.scm.azurewebsites.net" User-Agent="GITHUBACTIONS_DeployWebAppToAzure_85a8437dad18d601054a5ca9a5ef62e71eefa3c9ac7d843e02553bb9af9d5c17" Authorization="Bea..." Content-Type="application/json; charset=utf-8" Cookie="ARRAffinity=504896c031d2fcb93e96c5b802e958a974f760ea45aef3813e22443ccf4d3a0c;Path=/;HttpOnly;Secure;Domain=ecomm-app-4379.scm.azurewebsites.net; ARRAffinitySameSite=504896c031d2fcb93e96c5b802e958a974f760ea45aef3813e22443ccf4d3a0c;Path=/;HttpOnly;SameSite=None;Secure;Domain=ecomm-app-4379.scm.azurewebsites.net" Content-Length="0" X-ARR-LOG-ID="baeb7c57-198c-4695-9c06-f61ae1f15c62" CLIENT-IP="172.184.210.210:15377" X-SITE-DEPLOYMENT-ID="ecomm-app-4379" WAS-DEFAULT-HOSTNAME="ecomm-app-4379.scm.azurewebsites.net" X-Forwarded-Proto="https" X-AppService-Proto="https" X-Forwarded-TlsVersion="1.3" X-WAWS-Unencoded-URL="/api/deployments/latest?deployer=OneDeploy&amp;time=2025-10-25_22-50-46Z" X-Client-IP="172.184.210.210" X-Client-Port="15377" >
  <step title="Cleanup Xml Logs" date="2025-10-25T22:50:56.224" >
    <step title="Cleanup Infos" date="2025-10-25T22:50:56.589" totalFiles="332" totalCleanup="172" /><!-- duration: 110ms -->
  </step><!-- duration: 578ms -->
  <step title="DeploymentService.GetResult" date="2025-10-25T22:50:57.451" >
    <step title="DeploymentService.GetLatestDeployment" date="2025-10-25T22:50:57.472" >
      <step title="DeploymentManager.GetResults" date="2025-10-25T22:50:57.790" /><!-- duration: 10532ms -->
    </step><!-- duration: 10889ms -->
  </step><!-- duration: 11325ms -->
  <step title="Outgoing response" date="2025-10-25T22:51:09.076" type="response" statusCode="202" statusText="Accepted" /><!-- duration: 401ms -->
</step><!-- duration: 13367ms -->
