<step title="Incoming Request" date="2025-10-25T22:21:46.787" instance="504896" url="/api/deployments/latest?deployer=OneDeploy&amp;time=2025-10-25_22-21-11Z" method="GET" type="request" pid="833,1,21" Host="ecomm-app-4379.scm.azurewebsites.net" User-Agent="GITHUBACTIONS_DeployWebAppToAzure_85a8437dad18d601054a5ca9a5ef62e71eefa3c9ac7d843e02553bb9af9d5c17" Authorization="Bea..." Content-Type="application/json; charset=utf-8" Cookie="ARRAffinity=504896c031d2fcb93e96c5b802e958a974f760ea45aef3813e22443ccf4d3a0c;Path=/;HttpOnly;Secure;Domain=ecomm-app-4379.scm.azurewebsites.net; ARRAffinitySameSite=504896c031d2fcb93e96c5b802e958a974f760ea45aef3813e22443ccf4d3a0c;Path=/;HttpOnly;SameSite=None;Secure;Domain=ecomm-app-4379.scm.azurewebsites.net" Content-Length="0" X-ARR-LOG-ID="68c0d52b-d27d-4896-8584-e6714379a8de" CLIENT-IP="13.83.217.52:10240" X-SITE-DEPLOYMENT-ID="ecomm-app-4379" WAS-DEFAULT-HOSTNAME="ecomm-app-4379.scm.azurewebsites.net" X-Forwarded-Proto="https" X-AppService-Proto="https" X-Forwarded-TlsVersion="1.3" X-WAWS-Unencoded-URL="/api/deployments/latest?deployer=OneDeploy&amp;time=2025-10-25_22-21-11Z" X-Client-IP="13.83.217.52" X-Client-Port="10240" >
  <step title="Cleanup Xml Logs" date="2025-10-25T22:21:46.797" >
    <step title="Cleanup Infos" date="2025-10-25T22:21:46.856" totalFiles="286" totalCleanup="126" /><!-- duration: 19ms -->
  </step><!-- duration: 97ms -->
  <step title="DeploymentService.GetResult" date="2025-10-25T22:21:46.962" >
    <step title="DeploymentService.GetLatestDeployment" date="2025-10-25T22:21:46.979" >
      <step title="DeploymentManager.GetResults" date="2025-10-25T22:21:46.990" /><!-- duration: 727ms -->
    </step><!-- duration: 766ms -->
  </step><!-- duration: 793ms -->
  <step title="Outgoing response" date="2025-10-25T22:21:47.769" type="response" statusCode="202" statusText="Accepted" /><!-- duration: 15ms -->
</step><!-- duration: 1015ms -->
