<step title="BackgroundTrace" date="2025-10-25T23:05:46.898" instance="504896" url="/api/publish" method="POST" >
  <step title="Cleanup Xml Logs" date="2025-10-25T23:05:46.905" >
    <step title="Cleanup Infos" date="2025-10-25T23:05:46.940" totalFiles="347" totalCleanup="187" /><!-- duration: 8ms -->
  </step><!-- duration: 48ms -->
  <step title="Creating temporary deployment - FetchDeploymentManager" date="2025-10-25T23:05:47.086" /><!-- duration: 6ms -->
  <step title="Creating temporary deployment" date="2025-10-25T23:05:47.101" /><!-- duration: 124ms -->
  <step title="Performing fetch based deployment" date="2025-10-25T23:05:47.318" >
    <step title="Deployment timer started" date="2025-10-25T23:05:51.583" >
      <step title="DeploymentManager.Deploy(id:2acd5cb2-8ad9-4c36-97bd-14747d84dd95)" date="2025-10-25T23:05:51.599" >
        <step title="Collecting changeset information" date="2025-10-25T23:05:51.646" /><!-- duration: 178ms -->
        <step title="Updating submodules" date="2025-10-25T23:05:51.833" /><!-- duration: 1184ms -->
        <step title="Determining deployment builder" date="2025-10-25T23:05:53.359" >
          <step title="Builder is RunFromZipSiteBuilder" date="2025-10-25T23:05:53.387" /><!-- duration: 6ms -->
        </step><!-- duration: 48ms -->
        <step title="PreDeployment: context.CleanOutputPath False" date="2025-10-25T23:05:53.478" >
          <step title="PreDeployment: context.OutputPath /home/site/wwwroot" date="2025-10-25T23:05:53.688" >
            <step title="Building" date="2025-10-25T23:05:54.021" >
              <step title="Modified file to trigger a restart of the app container." date="2025-10-25T23:05:54.916" /><!-- duration: 10ms -->
              <step title="Skip function trigger and logicapp sync because function is not enabled." date="2025-10-25T23:05:54.945" /><!-- duration: 5ms -->
            </step><!-- duration: 6031ms -->
          </step><!-- duration: 6386ms -->
          <step title="Cleaning up temp files" date="2025-10-25T23:06:00.083" /><!-- duration: 28ms -->
          <step title="Cleaning up temp files" date="2025-10-25T23:06:00.120" /><!-- duration: 548ms -->
          <step title="Reloading status file with latest updates" date="2025-10-25T23:06:00.737" >
            <step title="WebHooksManager.PublishEventAsync: PostDeployment" date="2025-10-25T23:06:00.748" /><!-- duration: 66ms -->
          </step><!-- duration: 83ms -->
          <step title="Cleaning up temporary deployment - fetch deployment was successful" date="2025-10-25T23:06:00.830" /><!-- duration: 9ms -->
        </step><!-- duration: 7466ms -->
      </step><!-- duration: 9379ms -->
