<step title="BackgroundTrace" date="2025-10-26T06:09:51.326" instance="504896" url="/api/zipdeploy" method="POST" >
  <step title="Cleanup Xml Logs" date="2025-10-26T06:09:51.342" >
    <step title="Cleanup Infos" date="2025-10-26T06:09:51.378" totalFiles="359" totalCleanup="199" /><!-- duration: 7ms -->
  </step><!-- duration: 47ms -->
  <step title="Creating temporary deployment - FetchDeploymentManager" date="2025-10-26T06:09:51.708" /><!-- duration: 6ms -->
  <step title="Creating temporary deployment" date="2025-10-26T06:09:51.724" /><!-- duration: 133ms -->
  <step title="Performing fetch based deployment" date="2025-10-26T06:09:51.992" >
    <step title="Deployment timer started" date="2025-10-26T06:09:55.329" >
      <step title="DeploymentManager.Deploy(id:69754fdf-06e9-44cc-85ee-9726f8b34a8e)" date="2025-10-26T06:09:55.366" >
        <step title="Collecting changeset information" date="2025-10-26T06:09:55.402" /><!-- duration: 151ms -->
        <step title="Updating submodules" date="2025-10-26T06:09:55.561" /><!-- duration: 1190ms -->
        <step title="Determining deployment builder" date="2025-10-26T06:09:57.329" >
          <step title="Builder is RunFromZipSiteBuilder" date="2025-10-26T06:09:57.352" /><!-- duration: 8ms -->
        </step><!-- duration: 49ms -->
        <step title="PreDeployment: context.CleanOutputPath False" date="2025-10-26T06:09:57.486" >
          <step title="PreDeployment: context.OutputPath /home/site/wwwroot" date="2025-10-26T06:09:57.792" >
            <step title="Building" date="2025-10-26T06:09:58.045" >
              <step title="Triggering recycle (preview mode disabled)." date="2025-10-26T06:09:58.764" /><!-- duration: 5ms -->
              <step title="Modified file to trigger a restart of the app container." date="2025-10-26T06:09:58.815" /><!-- duration: 10ms -->
              <step title="Skip function trigger and logicapp sync because function is not enabled." date="2025-10-26T06:09:58.847" /><!-- duration: 17ms -->
            </step><!-- duration: 4518ms -->
          </step><!-- duration: 4821ms -->
          <step title="Cleaning up temp files" date="2025-10-26T06:10:02.628" /><!-- duration: 70ms -->
          <step title="Cleaning up temp files" date="2025-10-26T06:10:02.753" /><!-- duration: 618ms -->
          <step title="Reloading status file with latest updates" date="2025-10-26T06:10:03.623" >
            <step title="WebHooksManager.PublishEventAsync: PostDeployment" date="2025-10-26T06:10:03.690" /><!-- duration: 524ms -->
          </step><!-- duration: 672ms -->
          <step title="Cleaning up temporary deployment - fetch deployment was successful" date="2025-10-26T06:10:04.369" /><!-- duration: 26ms -->
        </step><!-- duration: 7170ms -->
      </step><!-- duration: 9344ms -->
