<step title="Incoming Request" date="2025-10-25T23:06:04.033" instance="504896" url="/api/publish?async=true&amp;deployer=GITHUB_ONE_DEPLOY&amp;type=zip&amp;message=%7B%22type%22%3A%22deployment%22%2C%22sha%22%3A%221476ac4c22906c7610afde092341cd4b42778e20%22%2C%22repoName%22%3A%22VengurlekarMayuresh%2FEcommerce%22%2C%22actor%22%3A%22VengurlekarMayuresh%22%2C%22slotName%22%3A%22Production%22%2C%22commitMessage%22%3A%22its%20oks%22%7D" method="POST" type="request" pid="831,1,3" Host="ecomm-app-4379.scm.azurewebsites.net" User-Agent="GITHUBACTIONS_DeployWebAppToAzure_85a8437dad18d601054a5ca9a5ef62e71eefa3c9ac7d843e02553bb9af9d5c17" Authorization="Bea..." Content-Type="application/octet-stream" Cookie="ARRAffinity=504896c031d2fcb93e96c5b802e958a974f760ea45aef3813e22443ccf4d3a0c;Path=/;HttpOnly;Secure;Domain=ecomm-app-4379.scm.azurewebsites.net; ARRAffinitySameSite=504896c031d2fcb93e96c5b802e958a974f760ea45aef3813e22443ccf4d3a0c;Path=/;HttpOnly;SameSite=None;Secure;Domain=ecomm-app-4379.scm.azurewebsites.net" Transfer-Encoding="chunked" X-ARR-LOG-ID="3a46f7c9-ca22-48f3-bcc4-e155d8b4d6db" CLIENT-IP="20.81.183.81:57353" X-SITE-DEPLOYMENT-ID="ecomm-app-4379" WAS-DEFAULT-HOSTNAME="ecomm-app-4379.scm.azurewebsites.net" X-Forwarded-Proto="https" X-AppService-Proto="https" X-Forwarded-TlsVersion="1.3" X-WAWS-Unencoded-URL="/api/publish?async=true&amp;deployer=GITHUB_ONE_DEPLOY&amp;type=zip&amp;message=%7B%22type%22%3A%22deployment%22%2C%22sha%22%3A%221476ac4c22906c7610afde092341cd4b42778e20%22%2C%22repoName%22%3A%22VengurlekarMayuresh%2FEcommerce%22%2C%22actor%22%3A%22VengurlekarMayuresh%22%2C%22slotName%22%3A%22Production%22%2C%22commitMessage%22%3A%22its%20oks%22%7D" X-Client-IP="20.81.183.81" X-Client-Port="57353" >
  <step title="Cleanup Xml Logs" date="2025-10-25T23:06:04.036" >
    <step title="Cleanup Infos" date="2025-10-25T23:06:04.068" totalFiles="353" totalCleanup="193" /><!-- duration: 13ms -->
  </step><!-- duration: 55ms -->
  <step title="OneDeploy" date="2025-10-25T23:06:04.109" >
    <step title="Starting PushDeployAsync" date="2025-10-25T23:06:04.126" /><!-- duration: 6ms -->
    <step title="WEBSITE_RUN_FROM_PACKAGE is set to 1. Writing zip to SitePackagesPath" date="2025-10-25T23:06:04.142" /><!-- duration: 11ms -->
    <step title="Copying zip to SitePackages /home/data/SitePackages/20251025230604.zip from request body" date="2025-10-25T23:06:04.164" /><!-- duration: 14ms -->
    <step title="Writing multipart request body to /home/data/SitePackages/20251025230604.zip" date="2025-10-25T23:06:04.184" /><!-- duration: 9ms -->
    <step title="Deleting outdated zip file /home/data/SitePackages/20251025225126.zip" date="2025-10-25T23:06:08.136" /><!-- duration: 15ms -->
    <step title="Start deployment in the background" date="2025-10-25T23:06:08.160" >
      <step title="Acquiring Deployment Lock" date="2025-10-25T23:06:08.202" /><!-- duration: 4ms -->
      <step title="Acquired Deployment Lock" date="2025-10-25T23:06:08.238" /><!-- duration: 5ms -->
    </step><!-- duration: 205ms -->
  </step><!-- duration: 4261ms -->
  <step title="Outgoing response" date="2025-10-25T23:06:08.375" type="response" statusCode="202" statusText="Accepted" /><!-- duration: 4ms -->
</step><!-- duration: 4354ms -->
