<step title="Incoming Request" date="2025-10-25T21:04:58.565" instance="504896" url="/api/publish?async=true&amp;deployer=GITHUB_ONE_DEPLOY&amp;type=zip&amp;message=%7B%22type%22%3A%22deployment%22%2C%22sha%22%3A%2299ce8771f1ced6f4ee6c245d0c0add020d6451df%22%2C%22repoName%22%3A%22VengurlekarMayuresh%2FEcommerce%22%2C%22actor%22%3A%22VengurlekarMayuresh%22%2C%22slotName%22%3A%22Production%22%2C%22commitMessage%22%3A%22Add%20or%20update%20the%20Azure%20App%20Service%20build%20and%20deployment%20workflow%20config%22%7D" method="POST" type="request" pid="833,1,5" Host="ecomm-app-4379.scm.azurewebsites.net" User-Agent="GITHUBACTIONS_DeployWebAppToAzure_85a8437dad18d601054a5ca9a5ef62e71eefa3c9ac7d843e02553bb9af9d5c17" Authorization="Bea..." Content-Type="application/octet-stream" Cookie="ARRAffinity=504896c031d2fcb93e96c5b802e958a974f760ea45aef3813e22443ccf4d3a0c;Path=/;HttpOnly;Secure;Domain=ecomm-app-4379.scm.azurewebsites.net; ARRAffinitySameSite=504896c031d2fcb93e96c5b802e958a974f760ea45aef3813e22443ccf4d3a0c;Path=/;HttpOnly;SameSite=None;Secure;Domain=ecomm-app-4379.scm.azurewebsites.net" Transfer-Encoding="chunked" X-ARR-LOG-ID="f9f5b7bc-91b5-4aeb-a6aa-2d25709f60cb" CLIENT-IP="64.236.176.197:6184" X-SITE-DEPLOYMENT-ID="ecomm-app-4379" WAS-DEFAULT-HOSTNAME="ecomm-app-4379.scm.azurewebsites.net" X-Forwarded-Proto="https" X-AppService-Proto="https" X-Forwarded-TlsVersion="1.3" X-WAWS-Unencoded-URL="/api/publish?async=true&amp;deployer=GITHUB_ONE_DEPLOY&amp;type=zip&amp;message=%7B%22type%22%3A%22deployment%22%2C%22sha%22%3A%2299ce8771f1ced6f4ee6c245d0c0add020d6451df%22%2C%22repoName%22%3A%22VengurlekarMayuresh%2FEcommerce%22%2C%22actor%22%3A%22VengurlekarMayuresh%22%2C%22slotName%22%3A%22Production%22%2C%22commitMessage%22%3A%22Add%20or%20update%20the%20Azure%20App%20Service%20build%20and%20deployment%20workflow%20config%22%7D" X-Client-IP="64.236.176.197" X-Client-Port="6184" >
  <step title="Cleanup Xml Logs" date="2025-10-25T21:04:58.575" /><!-- duration: 56ms -->
  <step title="OneDeploy" date="2025-10-25T21:04:59.167" >
    <step title="None repository commit" date="2025-10-25T21:04:59.234" >
      <step title="Commit id: f37c49f5-456d-4266-9903-3a1d26fbb53a" date="2025-10-25T21:04:59.245" Message="N/A" AuthorName="N/A" AuthorEmail="N/A" /><!-- duration: 10ms -->
    </step><!-- duration: 112ms -->
    <step title="Starting PushDeployAsync" date="2025-10-25T21:04:59.355" /><!-- duration: 18ms -->
    <step title="Writing artifact to /tmp/zipdeploy/de963976-c996-47f7-b47b-6ce0c87a5241.zip" date="2025-10-25T21:04:59.536" >
      <step title="Writing multipart request body to /tmp/zipdeploy/de963976-c996-47f7-b47b-6ce0c87a5241.zip" date="2025-10-25T21:04:59.584" /><!-- duration: 20ms -->
    </step><!-- duration: 1378ms -->
    <step title="Start deployment in the background" date="2025-10-25T21:05:00.935" >
      <step title="Acquiring Deployment Lock" date="2025-10-25T21:05:01.002" /><!-- duration: 12ms -->
      <step title="Acquired Deployment Lock" date="2025-10-25T21:05:01.084" /><!-- duration: 28ms -->
    </step><!-- duration: 301ms -->
  </step><!-- duration: 2080ms -->
  <step title="Outgoing response" date="2025-10-25T21:05:01.268" type="response" statusCode="202" statusText="Accepted" /><!-- duration: 37ms -->
</step><!-- duration: 2744ms -->
