<step title="Incoming Request" date="2025-10-26T06:09:58.178" instance="504896" url="/api/deployments/latest" method="GET" type="request" pid="831,1,101" Accept="*/*" Host="ecomm-app-4379.scm.azurewebsites.net" User-Agent="AZURECLI/2.78.0 (MSI)" Accept-Encoding="gzip, deflate" Authorization="Bea..." x-ms-client-request-id="56e44c33-b232-11f0-9519-00e04f06f700" X-ARR-LOG-ID="56e44c33-b232-11f0-9519-00e04f06f700" CLIENT-IP="114.79.174.8:50141" X-SITE-DEPLOYMENT-ID="ecomm-app-4379" WAS-DEFAULT-HOSTNAME="ecomm-app-4379.scm.azurewebsites.net" X-Forwarded-Proto="https" X-AppService-Proto="https" X-Forwarded-TlsVersion="1.3" X-WAWS-Unencoded-URL="/api/deployments/latest" X-Client-IP="114.79.174.8" X-Client-Port="50141" >
  <step title="Cleanup Xml Logs" date="2025-10-26T06:09:58.184" >
    <step title="Cleanup Infos" date="2025-10-26T06:09:58.214" totalFiles="360" totalCleanup="200" /><!-- duration: 30ms -->
  </step><!-- duration: 71ms -->
  <step title="DeploymentService.GetResult" date="2025-10-26T06:09:58.390" >
    <step title="DeploymentService.GetLatestDeployment" date="2025-10-26T06:09:58.403" >
      <step title="DeploymentManager.GetResults" date="2025-10-26T06:09:58.454" /><!-- duration: 1312ms -->
    </step><!-- duration: 1373ms -->
  </step><!-- duration: 1397ms -->
  <step title="Outgoing response" date="2025-10-26T06:09:59.876" type="response" statusCode="202" statusText="Accepted" /><!-- duration: 9ms -->
</step><!-- duration: 1711ms -->
