<step title="Incoming Request" date="2025-10-25T18:52:17.948" instance="504896" url="/api/zipdeploy?isAsync=true" method="POST" type="request" pid="833,1,7" Accept="*/*" Host="ecomm-app-4379.scm.azurewebsites.net" User-Agent="AZURECLI/2.78.0 (MSI)" Accept-Encoding="gzip, deflate" Authorization="Bea..." Cache-Control="no-cache" Content-Type="application/octet-stream" Content-Length="46810" x-ms-client-request-id="b5dc0836-b1d3-11f0-a842-00e04f06f700" x-ms-artifact-checksum="e5f1ce1605d0450ee75dc29bec32d717c4d27d529ab25d7bf9f2da4c10a3825e" X-ARR-LOG-ID="b5dc0836-b1d3-11f0-a842-00e04f06f700" CLIENT-IP="182.48.210.98:33609" X-SITE-DEPLOYMENT-ID="ecomm-app-4379" WAS-DEFAULT-HOSTNAME="ecomm-app-4379.scm.azurewebsites.net" X-Forwarded-Proto="https" X-AppService-Proto="https" X-Forwarded-TlsVersion="1.3" X-WAWS-Unencoded-URL="/api/zipdeploy?isAsync=true" X-Client-IP="182.48.210.98" X-Client-Port="33609" >
  <step title="ZipPushDeploy" date="2025-10-25T18:52:21.816" >
    <step title="ZipDeploy. Extract zip." date="2025-10-25T18:52:21.875" /><!-- duration: 17ms -->
    <step title="None repository commit" date="2025-10-25T18:52:21.934" >
      <step title="Commit id: 9f49e047-c623-4db2-a814-dec08e3c0b56" date="2025-10-25T18:52:21.944" Message="N/A" AuthorName="N/A" AuthorEmail="N/A" /><!-- duration: 17ms -->
    </step><!-- duration: 46ms -->
    <step title="Starting PushDeployAsync" date="2025-10-25T18:52:21.991" /><!-- duration: 21ms -->
    <step title="Writing artifact to /tmp/zipdeploy/2e09870f-78fb-4615-b2e6-c26cbcb7233f.zip" date="2025-10-25T18:52:22.111" >
      <step title="Writing multipart request body to /tmp/zipdeploy/2e09870f-78fb-4615-b2e6-c26cbcb7233f.zip" date="2025-10-25T18:52:22.161" /><!-- duration: 27ms -->
    </step><!-- duration: 713ms -->
    <step title="Start deployment in the background" date="2025-10-25T18:52:23.199" >
      <step title="Acquiring Deployment Lock" date="2025-10-25T18:52:23.496" /><!-- duration: 76ms -->
      <step title="Acquired Deployment Lock" date="2025-10-25T18:52:23.702" /><!-- duration: 29ms -->
    </step><!-- duration: 748ms -->
  </step><!-- duration: 2170ms -->
  <step title="Outgoing response" date="2025-10-25T18:52:24.142" type="response" statusCode="202" statusText="Accepted" /><!-- duration: 35ms -->
</step><!-- duration: 6250ms -->
