<step title="Incoming Request" date="2025-10-26T06:09:46.758" instance="504896" url="/api/zipdeploy?isAsync=true" method="POST" type="request" pid="831,1,99" Accept="*/*" Host="ecomm-app-4379.scm.azurewebsites.net" User-Agent="AZURECLI/2.78.0 (MSI)" Accept-Encoding="gzip, deflate" Authorization="Bea..." Cache-Control="no-cache" Content-Type="application/octet-stream" Content-Length="24571154" x-ms-client-request-id="56e44c33-b232-11f0-9519-00e04f06f700" x-ms-artifact-checksum="2644bca09dfda96de45030a3afd2fe04ba775f3a413ad836a5a25a151df3d209" X-ARR-LOG-ID="56e44c33-b232-11f0-9519-00e04f06f700" CLIENT-IP="114.79.174.8:50377" X-SITE-DEPLOYMENT-ID="ecomm-app-4379" WAS-DEFAULT-HOSTNAME="ecomm-app-4379.scm.azurewebsites.net" X-Forwarded-Proto="https" X-AppService-Proto="https" X-Forwarded-TlsVersion="1.3" X-WAWS-Unencoded-URL="/api/zipdeploy?isAsync=true" X-Client-IP="114.79.174.8" X-Client-Port="50377" >
  <step title="Cleanup Xml Logs" date="2025-10-26T06:09:46.777" >
    <step title="Cleanup Infos" date="2025-10-26T06:09:46.816" totalFiles="358" totalCleanup="198" /><!-- duration: 29ms -->
  </step><!-- duration: 87ms -->
  <step title="ZipPushDeploy" date="2025-10-26T06:09:47.925" >
    <step title="ZipDeploy. Run from package." date="2025-10-26T06:09:47.988" /><!-- duration: 5ms -->
    <step title="Starting PushDeployAsync" date="2025-10-26T06:09:48.012" /><!-- duration: 7ms -->
    <step title="WEBSITE_RUN_FROM_PACKAGE is set to 1. Writing zip to SitePackagesPath" date="2025-10-26T06:09:48.063" /><!-- duration: 6ms -->
    <step title="Copying zip to SitePackages /home/data/SitePackages/20251026060947.zip from request body" date="2025-10-26T06:09:48.091" /><!-- duration: 4ms -->
    <step title="Writing multipart request body to /home/data/SitePackages/20251026060947.zip" date="2025-10-26T06:09:48.102" /><!-- duration: 7ms -->
    <step title="Deleting outdated zip file /home/data/SitePackages/20251025225152.zip" date="2025-10-26T06:09:51.235" /><!-- duration: 17ms -->
    <step title="Start deployment in the background" date="2025-10-26T06:09:51.314" >
      <step title="Acquiring Deployment Lock" date="2025-10-26T06:09:51.432" /><!-- duration: 36ms -->
      <step title="Acquired Deployment Lock" date="2025-10-26T06:09:51.697" /><!-- duration: 5ms -->
    </step><!-- duration: 550ms -->
  </step><!-- duration: 3981ms -->
  <step title="Outgoing response" date="2025-10-26T06:09:51.943" type="response" statusCode="202" statusText="Accepted" /><!-- duration: 5ms -->
</step><!-- duration: 5195ms -->
