<step title="Incoming Request" date="2025-10-25T22:51:52.843" instance="504896" url="/api/publish?async=true&amp;deployer=GITHUB_ONE_DEPLOY&amp;type=zip&amp;message=%7B%22type%22%3A%22deployment%22%2C%22sha%22%3A%22c52c974a9297ffd68ae9497fbb5b7f30c4487a6d%22%2C%22repoName%22%3A%22VengurlekarMayuresh%2FEcommerce%22%2C%22actor%22%3A%22VengurlekarMayuresh%22%2C%22slotName%22%3A%22Production%22%2C%22commitMessage%22%3A%22Merge%20branch%20%27main%27%20of%20https%3A%2F%2Fgithub.com%2FVengurlekarMayuresh%2FEcommerce%20into%20external%22%7D" method="POST" type="request" pid="831,1,18" Host="ecomm-app-4379.scm.azurewebsites.net" User-Agent="GITHUBACTIONS_DeployWebAppToAzure_85a8437dad18d601054a5ca9a5ef62e71eefa3c9ac7d843e02553bb9af9d5c17" Authorization="Bea..." Content-Type="application/octet-stream" Cookie="ARRAffinity=504896c031d2fcb93e96c5b802e958a974f760ea45aef3813e22443ccf4d3a0c;Path=/;HttpOnly;Secure;Domain=ecomm-app-4379.scm.azurewebsites.net; ARRAffinitySameSite=504896c031d2fcb93e96c5b802e958a974f760ea45aef3813e22443ccf4d3a0c;Path=/;HttpOnly;SameSite=None;Secure;Domain=ecomm-app-4379.scm.azurewebsites.net" Transfer-Encoding="chunked" X-ARR-LOG-ID="ef2134a1-bf49-473f-842c-ad43e5c057ec" CLIENT-IP="68.220.63.2:29696" X-SITE-DEPLOYMENT-ID="ecomm-app-4379" WAS-DEFAULT-HOSTNAME="ecomm-app-4379.scm.azurewebsites.net" X-Forwarded-Proto="https" X-AppService-Proto="https" X-Forwarded-TlsVersion="1.3" X-WAWS-Unencoded-URL="/api/publish?async=true&amp;deployer=GITHUB_ONE_DEPLOY&amp;type=zip&amp;message=%7B%22type%22%3A%22deployment%22%2C%22sha%22%3A%22c52c974a9297ffd68ae9497fbb5b7f30c4487a6d%22%2C%22repoName%22%3A%22VengurlekarMayuresh%2FEcommerce%22%2C%22actor%22%3A%22VengurlekarMayuresh%22%2C%22slotName%22%3A%22Production%22%2C%22commitMessage%22%3A%22Merge%20branch%20%27main%27%20of%20https%3A%2F%2Fgithub.com%2FVengurlekarMayuresh%2FEcommerce%20into%20external%22%7D" X-Client-IP="68.220.63.2" X-Client-Port="29696" >
  <step title="Cleanup Xml Logs" date="2025-10-25T22:51:52.851" >
    <step title="Cleanup Infos" date="2025-10-25T22:51:52.913" totalFiles="338" totalCleanup="178" /><!-- duration: 8ms -->
  </step><!-- duration: 74ms -->
  <step title="OneDeploy" date="2025-10-25T22:51:52.941" >
    <step title="Starting PushDeployAsync" date="2025-10-25T22:51:52.978" /><!-- duration: 4ms -->
    <step title="WEBSITE_RUN_FROM_PACKAGE is set to 1. Writing zip to SitePackagesPath" date="2025-10-25T22:51:52.990" /><!-- duration: 9ms -->
    <step title="Copying zip to SitePackages /home/data/SitePackages/20251025225152.zip from request body" date="2025-10-25T22:51:53.019" /><!-- duration: 10ms -->
    <step title="Writing multipart request body to /home/data/SitePackages/20251025225152.zip" date="2025-10-25T22:51:53.033" /><!-- duration: 14ms -->
    <step title="Deleting outdated zip file /home/data/SitePackages/20251025223421.zip" date="2025-10-25T22:51:57.117" /><!-- duration: 13ms -->
    <step title="Start deployment in the background" date="2025-10-25T22:51:57.165" >
      <step title="Acquiring Deployment Lock" date="2025-10-25T22:51:57.210" /><!-- duration: 11ms -->
      <step title="Acquired Deployment Lock" date="2025-10-25T22:51:57.258" /><!-- duration: 6ms -->
    </step><!-- duration: 176ms -->
  </step><!-- duration: 4426ms -->
  <step title="Outgoing response" date="2025-10-25T22:51:57.378" type="response" statusCode="202" statusText="Accepted" /><!-- duration: 16ms -->
</step><!-- duration: 4557ms -->
