<step title="Incoming Request" date="2025-10-25T23:05:55.641" instance="504896" url="/api/deployments/latest?deployer=OneDeploy&amp;time=2025-10-25_23-05-47Z" method="GET" type="request" pid="831,1,3" Host="ecomm-app-4379.scm.azurewebsites.net" User-Agent="GITHUBACTIONS_DeployWebAppToAzure_85a8437dad18d601054a5ca9a5ef62e71eefa3c9ac7d843e02553bb9af9d5c17" Authorization="Bea..." Content-Type="application/json; charset=utf-8" Cookie="ARRAffinity=504896c031d2fcb93e96c5b802e958a974f760ea45aef3813e22443ccf4d3a0c;Path=/;HttpOnly;Secure;Domain=ecomm-app-4379.scm.azurewebsites.net; ARRAffinitySameSite=504896c031d2fcb93e96c5b802e958a974f760ea45aef3813e22443ccf4d3a0c;Path=/;HttpOnly;SameSite=None;Secure;Domain=ecomm-app-4379.scm.azurewebsites.net" Content-Length="0" X-ARR-LOG-ID="8033bbc2-1ffa-4570-a4f2-0a7ccb8a516a" CLIENT-IP="68.220.60.0:13249" X-SITE-DEPLOYMENT-ID="ecomm-app-4379" WAS-DEFAULT-HOSTNAME="ecomm-app-4379.scm.azurewebsites.net" X-Forwarded-Proto="https" X-AppService-Proto="https" X-Forwarded-TlsVersion="1.3" X-WAWS-Unencoded-URL="/api/deployments/latest?deployer=OneDeploy&amp;time=2025-10-25_23-05-47Z" X-Client-IP="68.220.60.0" X-Client-Port="13249" >
  <step title="Cleanup Xml Logs" date="2025-10-25T23:05:55.648" >
    <step title="Cleanup Infos" date="2025-10-25T23:05:56.139" totalFiles="351" totalCleanup="191" /><!-- duration: 269ms -->
  </step><!-- duration: 768ms -->
  <step title="DeploymentService.GetResult" date="2025-10-25T23:05:56.450" >
    <step title="DeploymentService.GetLatestDeployment" date="2025-10-25T23:05:56.468" >
      <step title="DeploymentManager.GetResults" date="2025-10-25T23:05:56.498" /><!-- duration: 3322ms -->
    </step><!-- duration: 3383ms -->
  </step><!-- duration: 3418ms -->
  <step title="Outgoing response" date="2025-10-25T23:05:59.899" type="response" statusCode="202" statusText="Accepted" /><!-- duration: 28ms -->
</step><!-- duration: 4325ms -->
