<step title="Incoming Request" date="2025-10-25T19:42:26.728" instance="504896" url="/api/publish?type=zip&amp;async=True" method="POST" type="request" pid="833,1,5" Accept="*/*" Host="ecomm-app-4379.scm.azurewebsites.net" User-Agent="AZURECLI/2.78.0 (MSI)" Accept-Encoding="gzip, deflate" Authorization="Bea..." Cache-Control="no-cache" Content-Type="application/octet-stream" Cookie="ARRAffinity=504896c031d2fcb93e96c5b802e958a974f760ea45aef3813e22443ccf4d3a0c; ARRAffinitySameSite=504896c031d2fcb93e96c5b802e958a974f760ea45aef3813e22443ccf4d3a0c" Content-Length="123958" x-ms-client-request-id="b25e88b4-b1da-11f0-b643-00e04f06f700" x-ms-artifact-checksum="b968064d312e212c9f2a4d1630e5be411e63cbf305af5e8b04be4df980647846" X-ARR-LOG-ID="b25e88b4-b1da-11f0-b643-00e04f06f700" CLIENT-IP="182.48.210.98:33529" X-SITE-DEPLOYMENT-ID="ecomm-app-4379" WAS-DEFAULT-HOSTNAME="ecomm-app-4379.scm.azurewebsites.net" X-Forwarded-Proto="https" X-AppService-Proto="https" X-Forwarded-TlsVersion="1.3" X-WAWS-Unencoded-URL="/api/publish?type=zip&amp;async=True" X-Client-IP="182.48.210.98" X-Client-Port="33529" >
  <step title="Cleanup Xml Logs" date="2025-10-25T19:42:26.738" /><!-- duration: 67ms -->
  <step title="OneDeploy" date="2025-10-25T19:42:27.219" >
    <step title="None repository commit" date="2025-10-25T19:42:27.289" >
      <step title="Commit id: 46264fc1-600e-4d49-83e6-791f047600ee" date="2025-10-25T19:42:27.324" Message="N/A" AuthorName="N/A" AuthorEmail="N/A" /><!-- duration: 4ms -->
    </step><!-- duration: 57ms -->
    <step title="Starting PushDeployAsync" date="2025-10-25T19:42:27.363" /><!-- duration: 11ms -->
    <step title="Writing artifact to /tmp/zipdeploy/fc2662a1-fd9d-4e1d-b9b9-a6081f94c1d5.zip" date="2025-10-25T19:42:27.508" >
      <step title="Writing multipart request body to /tmp/zipdeploy/fc2662a1-fd9d-4e1d-b9b9-a6081f94c1d5.zip" date="2025-10-25T19:42:27.539" /><!-- duration: 17ms -->
    </step><!-- duration: 362ms -->
    <step title="Start deployment in the background" date="2025-10-25T19:42:27.950" >
      <step title="Acquiring Deployment Lock" date="2025-10-25T19:42:28.134" /><!-- duration: 57ms -->
      <step title="Acquired Deployment Lock" date="2025-10-25T19:42:28.353" /><!-- duration: 18ms -->
    </step><!-- duration: 774ms -->
  </step><!-- duration: 1537ms -->
  <step title="Outgoing response" date="2025-10-25T19:42:28.833" type="response" statusCode="202" statusText="Accepted" /><!-- duration: 29ms -->
</step><!-- duration: 2143ms -->
