<step title="Incoming Request" date="2025-10-25T22:22:14.983" instance="504896" url="/api/deployments/latest?deployer=OneDeploy&amp;time=2025-10-25_22-21-11Z" method="GET" type="request" pid="833,1,21" Host="ecomm-app-4379.scm.azurewebsites.net" User-Agent="GITHUBACTIONS_DeployWebAppToAzure_85a8437dad18d601054a5ca9a5ef62e71eefa3c9ac7d843e02553bb9af9d5c17" Authorization="Bea..." Content-Type="application/json; charset=utf-8" Cookie="ARRAffinity=504896c031d2fcb93e96c5b802e958a974f760ea45aef3813e22443ccf4d3a0c;Path=/;HttpOnly;Secure;Domain=ecomm-app-4379.scm.azurewebsites.net; ARRAffinitySameSite=504896c031d2fcb93e96c5b802e958a974f760ea45aef3813e22443ccf4d3a0c;Path=/;HttpOnly;SameSite=None;Secure;Domain=ecomm-app-4379.scm.azurewebsites.net" Content-Length="0" X-ARR-LOG-ID="b73c3e88-2b74-4f65-94ae-f987b426a56c" CLIENT-IP="13.83.217.52:10240" X-SITE-DEPLOYMENT-ID="ecomm-app-4379" WAS-DEFAULT-HOSTNAME="ecomm-app-4379.scm.azurewebsites.net" X-Forwarded-Proto="https" X-AppService-Proto="https" X-Forwarded-TlsVersion="1.3" X-WAWS-Unencoded-URL="/api/deployments/latest?deployer=OneDeploy&amp;time=2025-10-25_22-21-11Z" X-Client-IP="13.83.217.52" X-Client-Port="10240" >
  <step title="Cleanup Xml Logs" date="2025-10-25T22:22:15.000" >
    <step title="Cleanup Infos" date="2025-10-25T22:22:15.041" totalFiles="290" totalCleanup="130" /><!-- duration: 29ms -->
  </step><!-- duration: 87ms -->
  <step title="DeploymentService.GetResult" date="2025-10-25T22:22:15.117" >
    <step title="DeploymentService.GetLatestDeployment" date="2025-10-25T22:22:15.128" >
      <step title="DeploymentManager.GetResults" date="2025-10-25T22:22:15.148" /><!-- duration: 643ms -->
    </step><!-- duration: 682ms -->
  </step><!-- duration: 704ms -->
  <step title="Outgoing response" date="2025-10-25T22:22:15.868" type="response" statusCode="202" statusText="Accepted" /><!-- duration: 11ms -->
</step><!-- duration: 907ms -->
