﻿<?xml version="1.0" encoding="utf-8"?>
<deployment>
  <id>832b19c6-02e4-48e9-a0cb-11673d915990</id>
  <author>N/A</author>
  <deployer>OneDeploy</deployer>
  <authorEmail>N/A</authorEmail>
  <message>OneDeploy</message>
  <progress></progress>
  <status>Success</status>
  <statusText></statusText>
  <lastSuccessEndTime>2025-10-25T22:34:32.0829412Z</lastSuccessEndTime>
  <receivedTime>2025-10-25T22:34:28.3644311Z</receivedTime>
  <startTime>2025-10-25T22:34:29.8452208Z</startTime>
  <endTime>2025-10-25T22:34:32.0829412Z</endTime>
  <complete>True</complete>
  <is_temp>False</is_temp>
  <is_readonly>True</is_readonly>
  <buildSummary />
</deployment>