﻿<?xml version="1.0" encoding="utf-8"?>
<deployment>
  <id>22860d6c-2c42-40ba-96fc-ee3f4bc6c961</id>
  <author>N/A</author>
  <deployer>OneDeploy</deployer>
  <authorEmail>N/A</authorEmail>
  <message>OneDeploy</message>
  <progress></progress>
  <status>Success</status>
  <statusText></statusText>
  <lastSuccessEndTime>2025-10-26T07:20:12.1186418Z</lastSuccessEndTime>
  <receivedTime>2025-10-26T07:20:03.2436091Z</receivedTime>
  <startTime>2025-10-26T07:20:08.9800289Z</startTime>
  <endTime>2025-10-26T07:20:12.1186418Z</endTime>
  <complete>True</complete>
  <is_temp>False</is_temp>
  <is_readonly>True</is_readonly>
  <buildSummary />
</deployment>