﻿<?xml version="1.0" encoding="utf-8"?>
<deployment>
  <id>84c2bd39-f5c2-409e-a11b-6e2acb1a68c5</id>
  <author>N/A</author>
  <deployer>OneDeploy</deployer>
  <authorEmail>N/A</authorEmail>
  <message>OneDeploy</message>
  <progress></progress>
  <status>Success</status>
  <statusText></statusText>
  <lastSuccessEndTime>2025-10-25T22:51:32.1659647Z</lastSuccessEndTime>
  <receivedTime>2025-10-25T22:50:54.206642Z</receivedTime>
  <startTime>2025-10-25T22:51:09.0869838Z</startTime>
  <endTime>2025-10-25T22:51:32.1659647Z</endTime>
  <complete>True</complete>
  <is_temp>False</is_temp>
  <is_readonly>True</is_readonly>
  <buildSummary />
</deployment>