<step title="Incoming Request" date="2025-10-25T22:34:07.922" instance="504896" url="/api/publish?async=true&amp;deployer=GITHUB_ONE_DEPLOY&amp;type=zip&amp;message=%7B%22type%22%3A%22deployment%22%2C%22sha%22%3A%221bee8b186562c1306388394c6762e72ba3aebbcf%22%2C%22repoName%22%3A%22VengurlekarMayuresh%2FEcommerce%22%2C%22actor%22%3A%22VengurlekarMayuresh%22%2C%22slotName%22%3A%22Production%22%2C%22commitMessage%22%3A%22Fix%20deployment%3A%20use%20zip%20package%2C%20disable%20Oryx%20build%22%7D" method="POST" type="request" pid="831,1,16" Host="ecomm-app-4379.scm.azurewebsites.net" User-Agent="GITHUBACTIONS_DeployWebAppToAzure_85a8437dad18d601054a5ca9a5ef62e71eefa3c9ac7d843e02553bb9af9d5c17" Authorization="Bea..." Content-Type="application/octet-stream" Cookie="ARRAffinity=504896c031d2fcb93e96c5b802e958a974f760ea45aef3813e22443ccf4d3a0c;Path=/;HttpOnly;Secure;Domain=ecomm-app-4379.scm.azurewebsites.net; ARRAffinitySameSite=504896c031d2fcb93e96c5b802e958a974f760ea45aef3813e22443ccf4d3a0c;Path=/;HttpOnly;SameSite=None;Secure;Domain=ecomm-app-4379.scm.azurewebsites.net" Transfer-Encoding="chunked" X-ARR-LOG-ID="b721ac64-06ac-404f-94e3-cca2d072b7d3" CLIENT-IP="172.183.157.179:50176" X-SITE-DEPLOYMENT-ID="ecomm-app-4379" WAS-DEFAULT-HOSTNAME="ecomm-app-4379.scm.azurewebsites.net" X-Forwarded-Proto="https" X-AppService-Proto="https" X-Forwarded-TlsVersion="1.3" X-WAWS-Unencoded-URL="/api/publish?async=true&amp;deployer=GITHUB_ONE_DEPLOY&amp;type=zip&amp;message=%7B%22type%22%3A%22deployment%22%2C%22sha%22%3A%221bee8b186562c1306388394c6762e72ba3aebbcf%22%2C%22repoName%22%3A%22VengurlekarMayuresh%2FEcommerce%22%2C%22actor%22%3A%22VengurlekarMayuresh%22%2C%22slotName%22%3A%22Production%22%2C%22commitMessage%22%3A%22Fix%20deployment%3A%20use%20zip%20package%2C%20disable%20Oryx%20build%22%7D" X-Client-IP="172.183.157.179" X-Client-Port="50176" >
  <step title="Cleanup Xml Logs" date="2025-10-25T22:34:07.925" >
    <step title="Cleanup Infos" date="2025-10-25T22:34:07.940" totalFiles="311" totalCleanup="151" /><!-- duration: 6ms -->
  </step><!-- duration: 24ms -->
  <step title="OneDeploy" date="2025-10-25T22:34:08.083" >
    <step title="None repository commit" date="2025-10-25T22:34:08.116" >
      <step title="Commit id: 2192db90-0c99-4c4a-9a8d-eddfd73ab1d5" date="2025-10-25T22:34:08.120" Message="N/A" AuthorName="N/A" AuthorEmail="N/A" /><!-- duration: 4ms -->
    </step><!-- duration: 12ms -->
    <step title="Starting PushDeployAsync" date="2025-10-25T22:34:08.132" /><!-- duration: 12ms -->
    <step title="WEBSITE_RUN_FROM_PACKAGE is set to 1. Writing zip to SitePackagesPath" date="2025-10-25T22:34:08.155" /><!-- duration: 8ms -->
    <step title="Copying zip to SitePackages /home/data/SitePackages/20251025223408.zip from request body" date="2025-10-25T22:34:08.190" /><!-- duration: 5ms -->
    <step title="Writing multipart request body to /home/data/SitePackages/20251025223408.zip" date="2025-10-25T22:34:08.203" /><!-- duration: 10ms -->
    <step title="Start deployment in the background" date="2025-10-25T22:34:11.564" >
      <step title="Acquiring Deployment Lock" date="2025-10-25T22:34:11.646" /><!-- duration: 28ms -->
      <step title="Acquired Deployment Lock" date="2025-10-25T22:34:11.741" /><!-- duration: 7ms -->
    </step><!-- duration: 330ms -->
  </step><!-- duration: 3819ms -->
  <step title="Outgoing response" date="2025-10-25T22:34:11.915" type="response" statusCode="202" statusText="Accepted" /><!-- duration: 5ms -->
</step><!-- duration: 4004ms -->
