<step title="BackgroundTrace" date="2025-10-25T21:30:05.400" instance="504896" url="/api/zipdeploy" method="POST" >
  <step title="Creating temporary deployment - FetchDeploymentManager" date="2025-10-25T21:30:05.850" /><!-- duration: 19ms -->
  <step title="Creating temporary deployment" date="2025-10-25T21:30:05.948" /><!-- duration: 456ms -->
  <step title="Performing fetch based deployment" date="2025-10-25T21:30:06.799" >
    <step title="Cleaning up temp folders from previous zip deployments and extracting pushed zip file /tmp/zipdeploy/2f9b46ea-916c-48fa-b20d-f8733bb0e624.zip (3.95 MB) to /tmp/zipdeploy/extracted" date="2025-10-25T21:30:08.612" /><!-- duration: 892ms -->
    <step title="Deployment timer started" date="2025-10-25T21:30:11.536" >
      <step title="DeploymentManager.Deploy(id:8ecea605-d620-49c4-b351-a6fabfed0ece)" date="2025-10-25T21:30:11.557" >
        <step title="Collecting changeset information" date="2025-10-25T21:30:11.604" /><!-- duration: 198ms -->
        <step title="Updating submodules" date="2025-10-25T21:30:11.814" /><!-- duration: 1264ms -->
        <step title="Determining deployment builder" date="2025-10-25T21:30:13.833" >
          <step title="Builder is BasicBuilder" date="2025-10-25T21:30:13.875" /><!-- duration: 5ms -->
        </step><!-- duration: 56ms -->
        <step title="PreDeployment: context.CleanOutputPath False" date="2025-10-25T21:30:13.974" >
          <step title="PreDeployment: context.OutputPath /home/site/wwwroot" date="2025-10-25T21:30:14.162" >
            <step title="Building" date="2025-10-25T21:30:14.383" >
              <step title="Executing external process" date="2025-10-25T21:30:15.010" type="process" path="starter.sh" arguments="/opt/Kudu/Scripts/parallel_rsync.sh /tmp/zipdeploy/extracted /home/site/wwwroot 8 /tmp/ False True  " /><!-- duration: 16121ms -->
              <step title="Triggering recycle (preview mode disabled)." date="2025-10-25T21:30:31.587" /><!-- duration: 14ms -->
              <step title="Modified file to trigger a restart of the app container." date="2025-10-25T21:30:31.634" /><!-- duration: 6ms -->
              <step title="Skip function trigger and logicapp sync because function is not enabled." date="2025-10-25T21:30:31.674" /><!-- duration: 4ms -->
              <step title="Purge deployment items" date="2025-10-25T21:30:32.562" >
                <step title="Remove db41c9e7-, Failed, received at 10/25/2025 21:13:00" date="2025-10-25T21:30:32.650" /><!-- duration: 10ms -->
              </step><!-- duration: 105ms -->
            </step><!-- duration: 18358ms -->
          </step><!-- duration: 18587ms -->
          <step title="Cleaning up temp files" date="2025-10-25T21:30:32.755" /><!-- duration: 14ms -->
          <step title="Cleaning up temp files" date="2025-10-25T21:30:32.774" /><!-- duration: 509ms -->
          <step title="Reloading status file with latest updates" date="2025-10-25T21:30:33.326" >
            <step title="WebHooksManager.PublishEventAsync: PostDeployment" date="2025-10-25T21:30:33.336" /><!-- duration: 82ms -->
          </step><!-- duration: 97ms -->
          <step title="Cleaning up temporary deployment - fetch deployment was successful" date="2025-10-25T21:30:33.434" /><!-- duration: 37ms -->
        </step><!-- duration: 19612ms -->
      </step><!-- duration: 22064ms -->
