<step title="Incoming Request" date="2025-10-26T14:11:46.919" instance="504896" url="/api/deployments/latest" method="GET" type="request" pid="835,1,24" Accept="*/*" Host="ecomm-app-4379.scm.azurewebsites.net" User-Agent="AZURECLI/2.78.0 (MSI)" Accept-Encoding="gzip, deflate" Authorization="Bea..." x-ms-client-request-id="a9f48cd7-b275-11f0-a5f0-00e04f06f700" X-ARR-LOG-ID="a9f48cd7-b275-11f0-a5f0-00e04f06f700" CLIENT-IP="114.79.174.8:50562" X-SITE-DEPLOYMENT-ID="ecomm-app-4379" WAS-DEFAULT-HOSTNAME="ecomm-app-4379.scm.azurewebsites.net" X-Forwarded-Proto="https" X-AppService-Proto="https" X-Forwarded-TlsVersion="1.3" X-WAWS-Unencoded-URL="/api/deployments/latest" X-Client-IP="114.79.174.8" X-Client-Port="50562" >
  <step title="Cleanup Xml Logs" date="2025-10-26T14:11:46.937" >
    <step title="Cleanup Infos" date="2025-10-26T14:11:47.051" totalFiles="454" totalCleanup="294" /><!-- duration: 31ms -->
  </step><!-- duration: 150ms -->
  <step title="DeploymentService.GetResult" date="2025-10-26T14:11:47.169" >
    <step title="DeploymentService.GetLatestDeployment" date="2025-10-26T14:11:47.189" >
      <step title="DeploymentManager.GetResults" date="2025-10-26T14:11:47.210" /><!-- duration: 1817ms -->
    </step><!-- duration: 1888ms -->
  </step><!-- duration: 1925ms -->
  <step title="Outgoing response" date="2025-10-26T14:11:49.380" type="response" statusCode="202" statusText="Accepted" /><!-- duration: 40ms -->
</step><!-- duration: 2521ms -->
