<step title="Incoming Request" date="2025-10-26T07:20:04.363" instance="504896" url="/api/deployments/latest" method="GET" type="request" pid="831,1,30" Accept="*/*" Host="ecomm-app-4379.scm.azurewebsites.net" User-Agent="AZURECLI/2.78.0 (MSI)" Accept-Encoding="gzip, deflate" Authorization="Bea..." x-ms-client-request-id="20b21dea-b23c-11f0-a705-00e04f06f700" X-ARR-LOG-ID="20b21dea-b23c-11f0-a705-00e04f06f700" CLIENT-IP="114.79.174.8:50194" X-SITE-DEPLOYMENT-ID="ecomm-app-4379" WAS-DEFAULT-HOSTNAME="ecomm-app-4379.scm.azurewebsites.net" X-Forwarded-Proto="https" X-AppService-Proto="https" X-Forwarded-TlsVersion="1.3" X-WAWS-Unencoded-URL="/api/deployments/latest" X-Client-IP="114.79.174.8" X-Client-Port="50194" >
  <step title="Cleanup Xml Logs" date="2025-10-26T07:20:04.382" >
    <step title="Cleanup Infos" date="2025-10-26T07:20:04.423" totalFiles="388" totalCleanup="228" /><!-- duration: 29ms -->
  </step><!-- duration: 96ms -->
  <step title="DeploymentService.GetResult" date="2025-10-26T07:20:04.646" >
    <step title="DeploymentService.GetLatestDeployment" date="2025-10-26T07:20:04.702" >
      <step title="DeploymentManager.GetResults" date="2025-10-26T07:20:04.713" /><!-- duration: 5631ms -->
    </step><!-- duration: 5693ms -->
  </step><!-- duration: 5761ms -->
  <step title="Outgoing response" date="2025-10-26T07:20:10.420" type="response" statusCode="202" statusText="Accepted" /><!-- duration: 9ms -->
</step><!-- duration: 6076ms -->
