<step title="BackgroundTrace" date="2025-10-25T22:34:24.079" instance="504896" url="/api/publish" method="POST" >
  <step title="Cleanup Xml Logs" date="2025-10-25T22:34:24.098" >
    <step title="Cleanup Infos" date="2025-10-25T22:34:24.133" totalFiles="317" totalCleanup="157" /><!-- duration: 31ms -->
  </step><!-- duration: 106ms -->
  <step title="Creating temporary deployment - FetchDeploymentManager" date="2025-10-25T22:34:24.433" /><!-- duration: 55ms -->
  <step title="Creating temporary deployment" date="2025-10-25T22:34:24.508" /><!-- duration: 137ms -->
  <step title="Performing fetch based deployment" date="2025-10-25T22:34:24.805" >
    <step title="Deployment timer started" date="2025-10-25T22:34:28.230" >
      <step title="DeploymentManager.Deploy(id:832b19c6-02e4-48e9-a0cb-11673d915990)" date="2025-10-25T22:34:28.244" >
        <step title="Collecting changeset information" date="2025-10-25T22:34:28.290" /><!-- duration: 136ms -->
        <step title="Updating submodules" date="2025-10-25T22:34:28.433" /><!-- duration: 1181ms -->
        <step title="Determining deployment builder" date="2025-10-25T22:34:29.924" >
          <step title="Builder is RunFromZipSiteBuilder" date="2025-10-25T22:34:29.939" /><!-- duration: 17ms -->
        </step><!-- duration: 43ms -->
        <step title="PreDeployment: context.CleanOutputPath False" date="2025-10-25T22:34:30.066" >
          <step title="PreDeployment: context.OutputPath /home/site/wwwroot" date="2025-10-25T22:34:30.218" >
            <step title="Building" date="2025-10-25T22:34:30.479" >
              <step title="Modified file to trigger a restart of the app container." date="2025-10-25T22:34:31.005" /><!-- duration: 8ms -->
              <step title="Skip function trigger and logicapp sync because function is not enabled." date="2025-10-25T22:34:31.018" /><!-- duration: 4ms -->
            </step><!-- duration: 2182ms -->
          </step><!-- duration: 2456ms -->
          <step title="Cleaning up temp files" date="2025-10-25T22:34:32.680" /><!-- duration: 8ms -->
          <step title="Cleaning up temp files" date="2025-10-25T22:34:32.701" /><!-- duration: 514ms -->
          <step title="Reloading status file with latest updates" date="2025-10-25T22:34:33.834" >
            <step title="WebHooksManager.PublishEventAsync: PostDeployment" date="2025-10-25T22:34:33.856" /><!-- duration: 114ms -->
          </step><!-- duration: 157ms -->
          <step title="Cleaning up temporary deployment - fetch deployment was successful" date="2025-10-25T22:34:34.049" /><!-- duration: 26ms -->
        </step><!-- duration: 4390ms -->
      </step><!-- duration: 6409ms -->
