<step title="Incoming Request" date="2025-10-25T18:54:02.811" instance="504896" url="/api/zipdeploy?isAsync=true" method="POST" type="request" pid="835,1,7" Accept="*/*" Host="ecomm-app-4379.scm.azurewebsites.net" User-Agent="AZURECLI/2.78.0 (MSI)" Accept-Encoding="gzip, deflate" Authorization="Bea..." Cache-Control="no-cache" Content-Type="application/octet-stream" Content-Length="37217" x-ms-client-request-id="f493ee21-b1d3-11f0-b886-00e04f06f700" x-ms-artifact-checksum="575b981e5b78b2d57ce0ee653952b3ecd87bd50c52d7075b963e7a78df2d8546" X-ARR-LOG-ID="f493ee21-b1d3-11f0-b886-00e04f06f700" CLIENT-IP="182.48.210.98:33698" X-SITE-DEPLOYMENT-ID="ecomm-app-4379" WAS-DEFAULT-HOSTNAME="ecomm-app-4379.scm.azurewebsites.net" X-Forwarded-Proto="https" X-AppService-Proto="https" X-Forwarded-TlsVersion="1.3" X-WAWS-Unencoded-URL="/api/zipdeploy?isAsync=true" X-Client-IP="182.48.210.98" X-Client-Port="33698" >
  <step title="Cleanup Xml Logs" date="2025-10-25T18:54:02.822" /><!-- duration: 42ms -->
  <step title="ZipPushDeploy" date="2025-10-25T18:54:03.041" >
    <step title="ZipDeploy. Extract zip." date="2025-10-25T18:54:03.080" /><!-- duration: 11ms -->
    <step title="None repository commit" date="2025-10-25T18:54:03.120" >
      <step title="Commit id: 6b8650e3-ac23-4328-aef5-6f3782dc8431" date="2025-10-25T18:54:03.130" Message="N/A" AuthorName="N/A" AuthorEmail="N/A" /><!-- duration: 18ms -->
    </step><!-- duration: 48ms -->
    <step title="Starting PushDeployAsync" date="2025-10-25T18:54:03.187" /><!-- duration: 18ms -->
    <step title="Writing artifact to /tmp/zipdeploy/d6372e8e-087e-44dc-b605-42449ba2eefe.zip" date="2025-10-25T18:54:03.305" >
      <step title="Writing multipart request body to /tmp/zipdeploy/d6372e8e-087e-44dc-b605-42449ba2eefe.zip" date="2025-10-25T18:54:03.351" /><!-- duration: 28ms -->
    </step><!-- duration: 221ms -->
    <step title="Start deployment in the background" date="2025-10-25T18:54:03.615" >
      <step title="Acquiring Deployment Lock" date="2025-10-25T18:54:03.694" /><!-- duration: 10ms -->
      <step title="Acquired Deployment Lock" date="2025-10-25T18:54:03.756" /><!-- duration: 15ms -->
    </step><!-- duration: 293ms -->
  </step><!-- duration: 875ms -->
  <step title="Outgoing response" date="2025-10-25T18:54:03.932" type="response" statusCode="202" statusText="Accepted" /><!-- duration: 6ms -->
</step><!-- duration: 1132ms -->
