<step title="Incoming Request" date="2025-10-25T23:05:40.913" instance="504896" url="/api/publish?async=true&amp;deployer=GITHUB_ONE_DEPLOY&amp;type=zip&amp;message=%7B%22type%22%3A%22deployment%22%2C%22sha%22%3A%221476ac4c22906c7610afde092341cd4b42778e20%22%2C%22repoName%22%3A%22VengurlekarMayuresh%2FEcommerce%22%2C%22actor%22%3A%22VengurlekarMayuresh%22%2C%22slotName%22%3A%22Production%22%2C%22commitMessage%22%3A%22its%20oks%22%7D" method="POST" type="request" pid="831,1,20" Host="ecomm-app-4379.scm.azurewebsites.net" User-Agent="GITHUBACTIONS_DeployWebAppToAzure_85a8437dad18d601054a5ca9a5ef62e71eefa3c9ac7d843e02553bb9af9d5c17" Authorization="Bea..." Content-Type="application/octet-stream" Cookie="ARRAffinity=504896c031d2fcb93e96c5b802e958a974f760ea45aef3813e22443ccf4d3a0c;Path=/;HttpOnly;Secure;Domain=ecomm-app-4379.scm.azurewebsites.net; ARRAffinitySameSite=504896c031d2fcb93e96c5b802e958a974f760ea45aef3813e22443ccf4d3a0c;Path=/;HttpOnly;SameSite=None;Secure;Domain=ecomm-app-4379.scm.azurewebsites.net" Transfer-Encoding="chunked" X-ARR-LOG-ID="38eef649-4421-4ad4-b03a-208f92c04252" CLIENT-IP="68.220.60.0:13248" X-SITE-DEPLOYMENT-ID="ecomm-app-4379" WAS-DEFAULT-HOSTNAME="ecomm-app-4379.scm.azurewebsites.net" X-Forwarded-Proto="https" X-AppService-Proto="https" X-Forwarded-TlsVersion="1.3" X-WAWS-Unencoded-URL="/api/publish?async=true&amp;deployer=GITHUB_ONE_DEPLOY&amp;type=zip&amp;message=%7B%22type%22%3A%22deployment%22%2C%22sha%22%3A%221476ac4c22906c7610afde092341cd4b42778e20%22%2C%22repoName%22%3A%22VengurlekarMayuresh%2FEcommerce%22%2C%22actor%22%3A%22VengurlekarMayuresh%22%2C%22slotName%22%3A%22Production%22%2C%22commitMessage%22%3A%22its%20oks%22%7D" X-Client-IP="68.220.60.0" X-Client-Port="13248" >
  <step title="OneDeploy" date="2025-10-25T23:05:41.109" >
    <step title="Starting PushDeployAsync" date="2025-10-25T23:05:41.172" /><!-- duration: 7ms -->
    <step title="WEBSITE_RUN_FROM_PACKAGE is set to 1. Writing zip to SitePackagesPath" date="2025-10-25T23:05:41.195" /><!-- duration: 6ms -->
    <step title="Copying zip to SitePackages /home/data/SitePackages/20251025230541.zip from request body" date="2025-10-25T23:05:41.322" /><!-- duration: 29ms -->
    <step title="Writing multipart request body to /home/data/SitePackages/20251025230541.zip" date="2025-10-25T23:05:41.378" /><!-- duration: 10ms -->
    <step title="Deleting outdated zip file /home/data/SitePackages/20251025225028.zip" date="2025-10-25T23:05:46.825" /><!-- duration: 22ms -->
    <step title="Deleting outdated zip file /home/data/SitePackages/20251025225027.zip" date="2025-10-25T23:05:46.855" /><!-- duration: 13ms -->
    <step title="Start deployment in the background" date="2025-10-25T23:05:46.889" >
      <step title="Acquiring Deployment Lock" date="2025-10-25T23:05:47.017" /><!-- duration: 8ms -->
      <step title="Acquired Deployment Lock" date="2025-10-25T23:05:47.073" /><!-- duration: 7ms -->
    </step><!-- duration: 342ms -->
  </step><!-- duration: 6167ms -->
  <step title="Outgoing response" date="2025-10-25T23:05:47.286" type="response" statusCode="202" statusText="Accepted" /><!-- duration: 6ms -->
</step><!-- duration: 6384ms -->
