<step title="Incoming Request" date="2025-10-25T22:23:06.694" instance="504896" url="/api/deployments/latest?deployer=OneDeploy&amp;time=2025-10-25_22-21-11Z" method="GET" type="request" pid="833,1,21" Host="ecomm-app-4379.scm.azurewebsites.net" User-Agent="GITHUBACTIONS_DeployWebAppToAzure_85a8437dad18d601054a5ca9a5ef62e71eefa3c9ac7d843e02553bb9af9d5c17" Authorization="Bea..." Content-Type="application/json; charset=utf-8" Cookie="ARRAffinity=504896c031d2fcb93e96c5b802e958a974f760ea45aef3813e22443ccf4d3a0c;Path=/;HttpOnly;Secure;Domain=ecomm-app-4379.scm.azurewebsites.net; ARRAffinitySameSite=504896c031d2fcb93e96c5b802e958a974f760ea45aef3813e22443ccf4d3a0c;Path=/;HttpOnly;SameSite=None;Secure;Domain=ecomm-app-4379.scm.azurewebsites.net" Content-Length="0" X-ARR-LOG-ID="d01f68ac-b06e-4d1a-a5c2-85213cb5f32a" CLIENT-IP="13.83.217.52:10242" X-SITE-DEPLOYMENT-ID="ecomm-app-4379" WAS-DEFAULT-HOSTNAME="ecomm-app-4379.scm.azurewebsites.net" X-Forwarded-Proto="https" X-AppService-Proto="https" X-Forwarded-TlsVersion="1.3" X-WAWS-Unencoded-URL="/api/deployments/latest?deployer=OneDeploy&amp;time=2025-10-25_22-21-11Z" X-Client-IP="13.83.217.52" X-Client-Port="10242" >
  <step title="Cleanup Xml Logs" date="2025-10-25T22:23:06.720" >
    <step title="Cleanup Infos" date="2025-10-25T22:23:06.839" totalFiles="297" totalCleanup="137" /><!-- duration: 38ms -->
  </step><!-- duration: 215ms -->
  <step title="DeploymentService.GetResult" date="2025-10-25T22:23:07.009" >
    <step title="DeploymentService.GetLatestDeployment" date="2025-10-25T22:23:07.020" >
      <step title="DeploymentManager.GetResults" date="2025-10-25T22:23:07.059" /><!-- duration: 1050ms -->
    </step><!-- duration: 1119ms -->
  </step><!-- duration: 1181ms -->
  <step title="Outgoing response" date="2025-10-25T22:23:08.245" type="response" statusCode="202" statusText="Accepted" /><!-- duration: 39ms -->
</step><!-- duration: 1610ms -->
