<step title="BackgroundTrace" date="2025-10-25T20:35:43.045" instance="504896" url="/deploy" method="POST" >
  <step title="Cleanup Xml Logs" date="2025-10-25T20:35:43.050" /><!-- duration: 12ms -->
  <step title="Creating temporary deployment - FetchDeploymentManager" date="2025-10-25T20:35:43.362" /><!-- duration: 5ms -->
  <step title="Creating temporary deployment" date="2025-10-25T20:35:43.371" /><!-- duration: 62ms -->
  <step title="Performing fetch based deployment" date="2025-10-25T20:35:44.531" >
    <step title="Deployment timer started" date="2025-10-25T20:35:50.604" >
      <step title="DeploymentManager.Deploy(id:650f11e8440627ba08439c5f8540f8c97e3e45b0)" date="2025-10-25T20:35:50.629" >
        <step title="Collecting changeset information" date="2025-10-25T20:35:50.660" /><!-- duration: 134ms -->
        <step title="Updating submodules" date="2025-10-25T20:35:50.805" /><!-- duration: 1170ms -->
        <step title="Determining deployment builder" date="2025-10-25T20:35:52.285" >
          <step title="Builder is BasicBuilder" date="2025-10-25T20:35:52.296" /><!-- duration: 16ms -->
        </step><!-- duration: 33ms -->
        <step title="PreDeployment: context.CleanOutputPath False" date="2025-10-25T20:35:52.373" >
          <step title="PreDeployment: context.OutputPath /home/site/wwwroot" date="2025-10-25T20:35:52.505" >
            <step title="Building" date="2025-10-25T20:35:52.689" >
              <step title="Executing external process" date="2025-10-25T20:35:53.035" type="process" path="starter.sh" arguments="/opt/Kudu/Scripts/parallel_rsync.sh /home/site/repository /home/site/wwwroot 8 /tmp/ False True  " /><!-- duration: 10554ms -->
              <step title="Triggering recycle (preview mode disabled)." date="2025-10-25T20:36:04.413" /><!-- duration: 29ms -->
              <step title="Modified file to trigger a restart of the app container." date="2025-10-25T20:36:04.512" /><!-- duration: 10ms -->
              <step title="Skip function trigger and logicapp sync because function is not enabled." date="2025-10-25T20:36:04.606" /><!-- duration: 11ms -->
              <step title="Purge deployment items" date="2025-10-25T20:36:06.972" >
                <step title="Remove f3f76ff1-, Failed, received at 10/25/2025 20:31:44" date="2025-10-25T20:36:07.167" /><!-- duration: 19ms -->
              </step><!-- duration: 235ms -->
            </step><!-- duration: 14756ms -->
          </step><!-- duration: 15060ms -->
          <step title="Cleaning up temp files" date="2025-10-25T20:36:07.622" /><!-- duration: 162ms -->
          <step title="Cleaning up temp files" date="2025-10-25T20:36:07.851" /><!-- duration: 570ms -->
          <step title="Reloading status file with latest updates" date="2025-10-25T20:36:08.499" >
            <step title="WebHooksManager.PublishEventAsync: PostDeployment" date="2025-10-25T20:36:08.519" /><!-- duration: 195ms -->
          </step><!-- duration: 226ms -->
          <step title="Cleaning up temporary deployment - fetch deployment was successful" date="2025-10-25T20:36:08.750" /><!-- duration: 19ms -->
        </step><!-- duration: 16563ms -->
      </step><!-- duration: 18402ms -->
