<step title="Incoming Request" date="2025-10-25T22:01:56.068" instance="504896" url="/api/deployments/latest?deployer=OneDeploy&amp;time=2025-10-25_22-01-18Z" method="GET" type="request" pid="834,1,36" Host="ecomm-app-4379.scm.azurewebsites.net" User-Agent="GITHUBACTIONS_DeployWebAppToAzure_85a8437dad18d601054a5ca9a5ef62e71eefa3c9ac7d843e02553bb9af9d5c17" Authorization="Bea..." Content-Type="application/json; charset=utf-8" Cookie="ARRAffinity=504896c031d2fcb93e96c5b802e958a974f760ea45aef3813e22443ccf4d3a0c;Path=/;HttpOnly;Secure;Domain=ecomm-app-4379.scm.azurewebsites.net; ARRAffinitySameSite=504896c031d2fcb93e96c5b802e958a974f760ea45aef3813e22443ccf4d3a0c;Path=/;HttpOnly;SameSite=None;Secure;Domain=ecomm-app-4379.scm.azurewebsites.net" Content-Length="0" X-ARR-LOG-ID="ac946d81-c510-43ba-ba5a-bd343d6508d6" CLIENT-IP="68.154.116.65:59394" X-SITE-DEPLOYMENT-ID="ecomm-app-4379" WAS-DEFAULT-HOSTNAME="ecomm-app-4379.scm.azurewebsites.net" X-Forwarded-Proto="https" X-AppService-Proto="https" X-Forwarded-TlsVersion="1.3" X-WAWS-Unencoded-URL="/api/deployments/latest?deployer=OneDeploy&amp;time=2025-10-25_22-01-18Z" X-Client-IP="68.154.116.65" X-Client-Port="59394" >
  <step title="Cleanup Xml Logs" date="2025-10-25T22:01:56.078" >
    <step title="Cleanup Infos" date="2025-10-25T22:01:56.117" totalFiles="248" totalCleanup="88" /><!-- duration: 21ms -->
  </step><!-- duration: 81ms -->
  <step title="DeploymentService.GetResult" date="2025-10-25T22:01:56.195" >
    <step title="DeploymentService.GetLatestDeployment" date="2025-10-25T22:01:56.205" >
      <step title="DeploymentManager.GetResults" date="2025-10-25T22:01:56.215" /><!-- duration: 488ms -->
    </step><!-- duration: 515ms -->
  </step><!-- duration: 534ms -->
  <step title="Outgoing response" date="2025-10-25T22:01:56.740" type="response" statusCode="202" statusText="Accepted" /><!-- duration: 19ms -->
</step><!-- duration: 723ms -->
