<step title="Incoming Request" date="2025-10-26T08:11:06.632" instance="504896" url="/api/publish?async=true&amp;deployer=GITHUB_ONE_DEPLOY&amp;type=zip&amp;message=%7B%22type%22%3A%22deployment%22%2C%22sha%22%3A%22f5fd6ebde2460ec6331dd9ce8a6a789b2fce2688%22%2C%22repoName%22%3A%22VengurlekarMayuresh%2FEcommerce%22%2C%22actor%22%3A%22VengurlekarMayuresh%22%2C%22slotName%22%3A%22Production%22%2C%22commitMessage%22%3A%22Add%20or%20update%20the%20Azure%20App%20Service%20build%20and%20deployment%20workflow%20config%22%7D" method="POST" type="request" pid="833,1,15" Host="ecomm-app-4379.scm.azurewebsites.net" User-Agent="GITHUBACTIONS_DeployWebAppToAzure_85a8437dad18d601054a5ca9a5ef62e71eefa3c9ac7d843e02553bb9af9d5c17" Authorization="Bea..." Content-Type="application/octet-stream" Cookie="ARRAffinity=504896c031d2fcb93e96c5b802e958a974f760ea45aef3813e22443ccf4d3a0c;Path=/;HttpOnly;Secure;Domain=ecomm-app-4379.scm.azurewebsites.net; ARRAffinitySameSite=504896c031d2fcb93e96c5b802e958a974f760ea45aef3813e22443ccf4d3a0c;Path=/;HttpOnly;SameSite=None;Secure;Domain=ecomm-app-4379.scm.azurewebsites.net" Transfer-Encoding="chunked" X-ARR-LOG-ID="085a7191-e920-4b4e-a4a9-5b8c54b83d7e" CLIENT-IP="20.168.110.20:15392" X-SITE-DEPLOYMENT-ID="ecomm-app-4379" WAS-DEFAULT-HOSTNAME="ecomm-app-4379.scm.azurewebsites.net" X-Forwarded-Proto="https" X-AppService-Proto="https" X-Forwarded-TlsVersion="1.3" X-WAWS-Unencoded-URL="/api/publish?async=true&amp;deployer=GITHUB_ONE_DEPLOY&amp;type=zip&amp;message=%7B%22type%22%3A%22deployment%22%2C%22sha%22%3A%22f5fd6ebde2460ec6331dd9ce8a6a789b2fce2688%22%2C%22repoName%22%3A%22VengurlekarMayuresh%2FEcommerce%22%2C%22actor%22%3A%22VengurlekarMayuresh%22%2C%22slotName%22%3A%22Production%22%2C%22commitMessage%22%3A%22Add%20or%20update%20the%20Azure%20App%20Service%20build%20and%20deployment%20workflow%20config%22%7D" X-Client-IP="20.168.110.20" X-Client-Port="15392" >
  <step title="Cleanup Xml Logs" date="2025-10-26T08:11:06.649" >
    <step title="Cleanup Infos" date="2025-10-26T08:11:06.728" totalFiles="403" totalCleanup="243" /><!-- duration: 12ms -->
  </step><!-- duration: 109ms -->
  <step title="OneDeploy" date="2025-10-26T08:11:06.817" >
    <step title="Starting PushDeployAsync" date="2025-10-26T08:11:06.903" /><!-- duration: 11ms -->
    <step title="Writing artifact to /tmp/zipdeploy/b9a619be-edbe-45d7-b07c-3bb05e74afcc.zip" date="2025-10-26T08:11:06.954" >
      <step title="Writing multipart request body to /tmp/zipdeploy/b9a619be-edbe-45d7-b07c-3bb05e74afcc.zip" date="2025-10-26T08:11:06.973" /><!-- duration: 29ms -->
    </step><!-- duration: 7151ms -->
    <step title="Start deployment in the background" date="2025-10-26T08:11:14.131" >
      <step title="Acquiring Deployment Lock" date="2025-10-26T08:11:14.153" /><!-- duration: 8ms -->
      <step title="Cannot Acquire Deployment Lock already held" date="2025-10-26T08:11:14.173" /><!-- duration: 7ms -->
    </step><!-- duration: 309ms -->
    <step title="There is a deployment currently in progress. Please try again when it completes." date="2025-10-26T08:11:14.453" /><!-- duration: 9ms -->
  </step><!-- duration: 7664ms -->
  <step title="Outgoing response" date="2025-10-26T08:11:14.508" type="response" statusCode="409" statusText="Conflict" /><!-- duration: 20ms -->
</step><!-- duration: 7924ms -->
