<step title="Incoming Request" date="2025-10-25T23:05:52.251" instance="504896" url="/api/publish?async=true&amp;deployer=GITHUB_ONE_DEPLOY&amp;type=zip&amp;message=%7B%22type%22%3A%22deployment%22%2C%22sha%22%3A%221476ac4c22906c7610afde092341cd4b42778e20%22%2C%22repoName%22%3A%22VengurlekarMayuresh%2FEcommerce%22%2C%22actor%22%3A%22VengurlekarMayuresh%22%2C%22slotName%22%3A%22Production%22%2C%22commitMessage%22%3A%22its%20oks%22%7D" method="POST" type="request" pid="831,1,20" Host="ecomm-app-4379.scm.azurewebsites.net" User-Agent="GITHUBACTIONS_DeployWebAppToAzure_85a8437dad18d601054a5ca9a5ef62e71eefa3c9ac7d843e02553bb9af9d5c17" Authorization="Bea..." Content-Type="application/octet-stream" Cookie="ARRAffinity=504896c031d2fcb93e96c5b802e958a974f760ea45aef3813e22443ccf4d3a0c;Path=/;HttpOnly;Secure;Domain=ecomm-app-4379.scm.azurewebsites.net; ARRAffinitySameSite=504896c031d2fcb93e96c5b802e958a974f760ea45aef3813e22443ccf4d3a0c;Path=/;HttpOnly;SameSite=None;Secure;Domain=ecomm-app-4379.scm.azurewebsites.net" Transfer-Encoding="chunked" X-ARR-LOG-ID="1b3a1a2a-5654-4de2-8f99-7a9a869daf63" CLIENT-IP="20.81.183.81:57352" X-SITE-DEPLOYMENT-ID="ecomm-app-4379" WAS-DEFAULT-HOSTNAME="ecomm-app-4379.scm.azurewebsites.net" X-Forwarded-Proto="https" X-AppService-Proto="https" X-Forwarded-TlsVersion="1.3" X-WAWS-Unencoded-URL="/api/publish?async=true&amp;deployer=GITHUB_ONE_DEPLOY&amp;type=zip&amp;message=%7B%22type%22%3A%22deployment%22%2C%22sha%22%3A%221476ac4c22906c7610afde092341cd4b42778e20%22%2C%22repoName%22%3A%22VengurlekarMayuresh%2FEcommerce%22%2C%22actor%22%3A%22VengurlekarMayuresh%22%2C%22slotName%22%3A%22Production%22%2C%22commitMessage%22%3A%22its%20oks%22%7D" X-Client-IP="20.81.183.81" X-Client-Port="57352" >
  <step title="Cleanup Xml Logs" date="2025-10-25T23:05:52.259" >
    <step title="Cleanup Infos" date="2025-10-25T23:05:52.308" totalFiles="350" totalCleanup="190" /><!-- duration: 11ms -->
  </step><!-- duration: 67ms -->
  <step title="OneDeploy" date="2025-10-25T23:05:52.348" >
    <step title="Starting PushDeployAsync" date="2025-10-25T23:05:52.367" /><!-- duration: 7ms -->
    <step title="WEBSITE_RUN_FROM_PACKAGE is set to 1. Writing zip to SitePackagesPath" date="2025-10-25T23:05:52.385" /><!-- duration: 9ms -->
    <step title="Copying zip to SitePackages /home/data/SitePackages/20251025230552.zip from request body" date="2025-10-25T23:05:52.403" /><!-- duration: 12ms -->
    <step title="Writing multipart request body to /home/data/SitePackages/20251025230552.zip" date="2025-10-25T23:05:52.424" /><!-- duration: 5ms -->
    <step title="Deleting outdated zip file /home/data/SitePackages/20251025225051.zip" date="2025-10-25T23:05:56.428" /><!-- duration: 12ms -->
    <step title="Start deployment in the background" date="2025-10-25T23:05:56.480" >
      <step title="Acquiring Deployment Lock" date="2025-10-25T23:05:56.533" /><!-- duration: 20ms -->
      <step title="Cannot Acquire Deployment Lock already held" date="2025-10-25T23:05:56.582" /><!-- duration: 9ms -->
    </step><!-- duration: 247ms -->
    <step title="There is a deployment currently in progress. Please try again when it completes." date="2025-10-25T23:05:56.739" /><!-- duration: 5ms -->
  </step><!-- duration: 4408ms -->
  <step title="Outgoing response" date="2025-10-25T23:05:56.797" type="response" statusCode="409" statusText="Conflict" /><!-- duration: 7ms -->
</step><!-- duration: 4591ms -->
