<step title="BackgroundTrace" date="2025-10-26T08:11:11.536" instance="504896" url="/api/publish" method="POST" >
  <step title="Cleanup Xml Logs" date="2025-10-26T08:11:11.546" >
    <step title="Cleanup Infos" date="2025-10-26T08:11:11.612" totalFiles="404" totalCleanup="244" /><!-- duration: 19ms -->
  </step><!-- duration: 89ms -->
  <step title="Creating temporary deployment - FetchDeploymentManager" date="2025-10-26T08:11:12.422" /><!-- duration: 5ms -->
  <step title="Creating temporary deployment" date="2025-10-26T08:11:12.434" /><!-- duration: 122ms -->
  <step title="Performing fetch based deployment" date="2025-10-26T08:11:12.642" >
    <step title="Cleaning up temp folders from previous zip deployments and extracting pushed zip file /tmp/zipdeploy/0898e91a-4653-46a5-a575-de2e4c356208.zip (31.06 MB) to /tmp/zipdeploy/extracted" date="2025-10-26T08:11:14.233" >
      <step title="ChmodRecursive Process exited with total time taken in ms: 33" date="2025-10-26T08:11:24.842" /><!-- duration: 14ms -->
    </step><!-- duration: 10631ms -->
    <step title="Deployment timer started" date="2025-10-26T08:11:26.893" >
      <step title="DeploymentManager.Deploy(id:ec8f11d2-8a02-495c-81ce-0bbd0e5dd178)" date="2025-10-26T08:11:26.910" >
        <step title="Collecting changeset information" date="2025-10-26T08:11:26.968" /><!-- duration: 116ms -->
        <step title="Updating submodules" date="2025-10-26T08:11:27.093" /><!-- duration: 1140ms -->
        <step title="Determining deployment builder" date="2025-10-26T08:11:28.508" >
          <step title="Builder is OryxBuilder" date="2025-10-26T08:11:28.528" /><!-- duration: 10ms -->
        </step><!-- duration: 36ms -->
        <step title="PreDeployment: context.CleanOutputPath False" date="2025-10-26T08:11:29.452" >
          <step title="PreDeployment: context.OutputPath /home/site/wwwroot" date="2025-10-26T08:11:29.631" >
            <step title="Building" date="2025-10-26T08:11:29.812" >
              <step title="Executing external process" date="2025-10-26T08:11:30.225" type="process" path="bash" arguments="-c &quot;oryx build /tmp/zipdeploy/extracted -o /home/site/wwwroot --platform nodejs --platform-version 20 -p virtualenv_name= --log-file /tmp/build-debug.log  -i /tmp/8de146743d622e5 -p compress_node_modules=tar-gz | tee /tmp/oryx-build.log ; exit $PIPESTATUS &quot;" >
                <step title="Cpu: npm install(1005,27.270s)+build.sh(894,0.090s)+oryx(874,5.910s)+tee(875,0.000s)+bash(873,0.000s)=total(33.250s)" date="2025-10-26T08:13:33.115" /><!-- duration: 10ms -->
                <step title="bash: no io activity for 60s, prev-cpu=-1.000s, current-cpu=33.250s" date="2025-10-26T08:13:33.153" /><!-- duration: 65ms -->
                <step title="Cpu: gzip(1057,6.660s)+sh(1055,0.000s)+tar(1054,2.510s)+build.sh(894,0.100s)+oryx(874,6.670s)+tee(875,0.000s)+bash(873,0.000s)=total(15.940s)" date="2025-10-26T08:14:33.994" /><!-- duration: 13ms -->
                <step title="bash: no io activity for 60s, prev-cpu=-1.000s, current-cpu=15.940s" date="2025-10-26T08:14:34.017" /><!-- duration: 9ms -->
              </step><!-- duration: 191179ms -->
              <step title="Using GenericDeploymentLogParser" date="2025-10-26T08:14:42.010" /><!-- duration: 9ms -->
              <step title="Modified file to trigger a restart of the app container." date="2025-10-26T08:14:43.338" /><!-- duration: 6ms -->
              <step title="Skip function trigger and logicapp sync because function is not enabled." date="2025-10-26T08:14:43.361" /><!-- duration: 11ms -->
              <step title="Purge deployment items" date="2025-10-26T08:14:44.622" >
                <step title="Remove 832b19c6-, Success, received at 10/25/2025 22:34:28" date="2025-10-26T08:14:44.799" /><!-- duration: 16ms -->
              </step><!-- duration: 205ms -->
            </step><!-- duration: 195132ms -->
          </step><!-- duration: 195446ms -->
          <step title="Cleaning up temp files" date="2025-10-26T08:14:45.113" /><!-- duration: 2759ms -->
          <step title="Cleaning up temp files" date="2025-10-26T08:14:47.895" /><!-- duration: 530ms -->
          <step title="Reloading status file with latest updates" date="2025-10-26T08:14:48.474" >
            <step title="WebHooksManager.PublishEventAsync: PostDeployment" date="2025-10-26T08:14:48.481" /><!-- duration: 158ms -->
          </step><!-- duration: 169ms -->
          <step title="Cleaning up temporary deployment - fetch deployment was successful" date="2025-10-26T08:14:48.657" /><!-- duration: 5ms -->
        </step><!-- duration: 199592ms -->
      </step><!-- duration: 202175ms -->
