<step title="BackgroundTrace" date="2025-10-25T22:51:57.169" instance="504896" url="/api/publish" method="POST" >
  <step title="Cleanup Xml Logs" date="2025-10-25T22:51:57.173" >
    <step title="Cleanup Infos" date="2025-10-25T22:51:57.188" totalFiles="339" totalCleanup="179" /><!-- duration: 7ms -->
  </step><!-- duration: 26ms -->
  <step title="Creating temporary deployment - FetchDeploymentManager" date="2025-10-25T22:51:57.270" /><!-- duration: 4ms -->
  <step title="Creating temporary deployment" date="2025-10-25T22:51:57.278" /><!-- duration: 55ms -->
  <step title="Performing fetch based deployment" date="2025-10-25T22:51:57.445" >
    <step title="Deployment timer started" date="2025-10-25T22:52:01.263" >
      <step title="DeploymentManager.Deploy(id:777c3340-2196-4453-bfef-6f712e3d58bf)" date="2025-10-25T22:52:01.290" >
        <step title="Collecting changeset information" date="2025-10-25T22:52:01.343" /><!-- duration: 145ms -->
        <step title="Updating submodules" date="2025-10-25T22:52:01.501" /><!-- duration: 1426ms -->
        <step title="Determining deployment builder" date="2025-10-25T22:52:03.582" >
          <step title="Builder is RunFromZipSiteBuilder" date="2025-10-25T22:52:03.647" /><!-- duration: 10ms -->
        </step><!-- duration: 96ms -->
        <step title="PreDeployment: context.CleanOutputPath False" date="2025-10-25T22:52:03.821" >
          <step title="PreDeployment: context.OutputPath /home/site/wwwroot" date="2025-10-25T22:52:04.206" >
            <step title="Building" date="2025-10-25T22:52:04.680" >
              <step title="Modified file to trigger a restart of the app container." date="2025-10-25T22:52:06.580" /><!-- duration: 6ms -->
              <step title="Skip function trigger and logicapp sync because function is not enabled." date="2025-10-25T22:52:06.594" /><!-- duration: 7ms -->
            </step><!-- duration: 4058ms -->
          </step><!-- duration: 4545ms -->
          <step title="Cleaning up temp files" date="2025-10-25T22:52:08.757" /><!-- duration: 24ms -->
          <step title="Cleaning up temp files" date="2025-10-25T22:52:08.804" /><!-- duration: 560ms -->
          <step title="Reloading status file with latest updates" date="2025-10-25T22:52:09.432" >
            <step title="WebHooksManager.PublishEventAsync: PostDeployment" date="2025-10-25T22:52:09.439" /><!-- duration: 61ms -->
          </step><!-- duration: 73ms -->
          <step title="Cleaning up temporary deployment - fetch deployment was successful" date="2025-10-25T22:52:09.511" /><!-- duration: 5ms -->
        </step><!-- duration: 5782ms -->
      </step><!-- duration: 8357ms -->
