<step title="Incoming Request" date="2025-10-26T06:35:48.482" instance="504896" url="/api/publish?type=zip" method="POST" type="request" pid="833,1,30" Accept="*/*" Host="ecomm-app-4379.scm.azurewebsites.net" User-Agent="AZURECLI/2.78.0 (MSI)" Accept-Encoding="gzip, deflate" Authorization="Bea..." Cache-Control="no-cache" Content-Type="application/octet-stream" Cookie="ARRAffinity=504896c031d2fcb93e96c5b802e958a974f760ea45aef3813e22443ccf4d3a0c; ARRAffinitySameSite=504896c031d2fcb93e96c5b802e958a974f760ea45aef3813e22443ccf4d3a0c" Content-Length="42172590" x-ms-client-request-id="f6d6797b-b235-11f0-adc7-00e04f06f700" x-ms-artifact-checksum="80412fa56957860da2329c2db820fec11c8af890e0612b11b3efb006c649f9c6" X-ARR-LOG-ID="f6d6797b-b235-11f0-adc7-00e04f06f700" CLIENT-IP="114.79.174.8:50474" X-SITE-DEPLOYMENT-ID="ecomm-app-4379" WAS-DEFAULT-HOSTNAME="ecomm-app-4379.scm.azurewebsites.net" X-Forwarded-Proto="https" X-AppService-Proto="https" X-Forwarded-TlsVersion="1.3" X-WAWS-Unencoded-URL="/api/publish?type=zip" X-Client-IP="114.79.174.8" X-Client-Port="50474" >
  <step title="Cleanup Xml Logs" date="2025-10-26T06:35:48.487" >
    <step title="Cleanup Infos" date="2025-10-26T06:35:48.523" totalFiles="376" totalCleanup="216" /><!-- duration: 19ms -->
  </step><!-- duration: 66ms -->
  <step title="OneDeploy" date="2025-10-26T06:35:49.329" >
    <step title="None repository commit" date="2025-10-26T06:35:49.510" >
      <step title="Commit id: 6d24a4d1-d5df-4372-aaba-2e38c9d8dfff" date="2025-10-26T06:35:49.518" Message="N/A" AuthorName="N/A" AuthorEmail="N/A" /><!-- duration: 5ms -->
    </step><!-- duration: 17ms -->
    <step title="Starting PushDeployAsync" date="2025-10-26T06:35:49.550" /><!-- duration: 4ms -->
    <step title="WEBSITE_RUN_FROM_PACKAGE is set to 1. Writing zip to SitePackagesPath" date="2025-10-26T06:35:49.775" /><!-- duration: 9ms -->
    <step title="Copying zip to SitePackages /home/data/SitePackages/20251026063549.zip from request body" date="2025-10-26T06:35:49.796" /><!-- duration: 9ms -->
    <step title="Writing multipart request body to /home/data/SitePackages/20251026063549.zip" date="2025-10-26T06:35:49.814" /><!-- duration: 10ms -->
    <step title="Deleting outdated zip file /home/data/SitePackages/20251025230541.zip" date="2025-10-26T06:35:53.887" /><!-- duration: 14ms -->
    <step title="Attempting to fetch target branch HEAD" date="2025-10-26T06:35:53.941" /><!-- duration: 15ms -->
    <step title="Acquiring Deployment Lock" date="2025-10-26T06:35:53.976" /><!-- duration: 14ms -->
    <step title="Acquired Deployment Lock" date="2025-10-26T06:35:54.050" /><!-- duration: 5ms -->
    <step title="Performing fetch based deployment" date="2025-10-26T06:35:54.068" >
      <step title="Creating temporary deployment" date="2025-10-26T06:35:54.113" /><!-- duration: 203ms -->
      <step title="Releasing Deployment Lock" date="2025-10-26T06:35:55.597" /><!-- duration: 12ms -->
      <step title="None repository commit" date="2025-10-26T06:35:56.657" >
        <step title="Commit id: 6d24a4d1-d5df-4372-aaba-2e38c9d8dfff" date="2025-10-26T06:35:56.668" Message="OneDeploy" AuthorName="N/A" AuthorEmail="N/A" /><!-- duration: 8ms -->
      </step><!-- duration: 27ms -->
      <step title="Deployment timer started" date="2025-10-26T06:35:58.712" >
        <step title="DeploymentManager.Deploy(id:6d24a4d1-d5df-4372-aaba-2e38c9d8dfff)" date="2025-10-26T06:35:58.729" >
          <step title="Collecting changeset information" date="2025-10-26T06:35:58.762" /><!-- duration: 134ms -->
          <step title="Updating submodules" date="2025-10-26T06:35:58.914" /><!-- duration: 1261ms -->
          <step title="Determining deployment builder" date="2025-10-26T06:36:00.667" >
            <step title="Builder is RunFromZipSiteBuilder" date="2025-10-26T06:36:00.715" /><!-- duration: 11ms -->
          </step><!-- duration: 82ms -->
          <step title="PreDeployment: context.CleanOutputPath False" date="2025-10-26T06:36:00.861" >
            <step title="PreDeployment: context.OutputPath /home/site/wwwroot" date="2025-10-26T06:36:01.085" >
              <step title="Building" date="2025-10-26T06:36:01.337" >
                <step title="Modified file to trigger a restart of the app container." date="2025-10-26T06:36:02.312" /><!-- duration: 10ms -->
                <step title="Skip function trigger and logicapp sync because function is not enabled." date="2025-10-26T06:36:02.371" /><!-- duration: 10ms -->
              </step><!-- duration: 4298ms -->
            </step><!-- duration: 4591ms -->
            <step title="Cleaning up temp files" date="2025-10-26T06:36:05.686" /><!-- duration: 9ms -->
            <step title="Cleaning up temp files" date="2025-10-26T06:36:05.706" /><!-- duration: 540ms -->
            <step title="Reloading status file with latest updates" date="2025-10-26T06:36:06.361" >
              <step title="WebHooksManager.PublishEventAsync: PostDeployment" date="2025-10-26T06:36:06.374" /><!-- duration: 133ms -->
            </step><!-- duration: 157ms -->
            <step title="Cleaning up temporary deployment - fetch deployment was successful" date="2025-10-26T06:36:06.535" /><!-- duration: 9ms -->
          </step><!-- duration: 5802ms -->
        </step><!-- duration: 7954ms -->
        <step title="Outgoing response" date="2025-10-26T06:36:06.723" type="response" statusCode="200" statusText="OK" /><!-- duration: 19ms -->
      </step><!-- duration: 8040ms -->
