<step title="Incoming Request" date="2025-10-26T08:11:05.094" instance="504896" url="/api/publish?async=true&amp;deployer=GITHUB_ONE_DEPLOY&amp;type=zip&amp;message=%7B%22type%22%3A%22deployment%22%2C%22sha%22%3A%22f5fd6ebde2460ec6331dd9ce8a6a789b2fce2688%22%2C%22repoName%22%3A%22VengurlekarMayuresh%2FEcommerce%22%2C%22actor%22%3A%22VengurlekarMayuresh%22%2C%22slotName%22%3A%22Production%22%2C%22commitMessage%22%3A%22Add%20or%20update%20the%20Azure%20App%20Service%20build%20and%20deployment%20workflow%20config%22%7D" method="POST" type="request" pid="833,1,5" Host="ecomm-app-4379.scm.azurewebsites.net" User-Agent="GITHUBACTIONS_DeployWebAppToAzure_85a8437dad18d601054a5ca9a5ef62e71eefa3c9ac7d843e02553bb9af9d5c17" Authorization="Bea..." Content-Type="application/octet-stream" Cookie="ARRAffinity=504896c031d2fcb93e96c5b802e958a974f760ea45aef3813e22443ccf4d3a0c;Path=/;HttpOnly;Secure;Domain=ecomm-app-4379.scm.azurewebsites.net; ARRAffinitySameSite=504896c031d2fcb93e96c5b802e958a974f760ea45aef3813e22443ccf4d3a0c;Path=/;HttpOnly;SameSite=None;Secure;Domain=ecomm-app-4379.scm.azurewebsites.net" Transfer-Encoding="chunked" X-ARR-LOG-ID="f74ee702-7038-4a0b-9230-1f189fdde2b3" CLIENT-IP="4.236.173.18:27648" X-SITE-DEPLOYMENT-ID="ecomm-app-4379" WAS-DEFAULT-HOSTNAME="ecomm-app-4379.scm.azurewebsites.net" X-Forwarded-Proto="https" X-AppService-Proto="https" X-Forwarded-TlsVersion="1.3" X-WAWS-Unencoded-URL="/api/publish?async=true&amp;deployer=GITHUB_ONE_DEPLOY&amp;type=zip&amp;message=%7B%22type%22%3A%22deployment%22%2C%22sha%22%3A%22f5fd6ebde2460ec6331dd9ce8a6a789b2fce2688%22%2C%22repoName%22%3A%22VengurlekarMayuresh%2FEcommerce%22%2C%22actor%22%3A%22VengurlekarMayuresh%22%2C%22slotName%22%3A%22Production%22%2C%22commitMessage%22%3A%22Add%20or%20update%20the%20Azure%20App%20Service%20build%20and%20deployment%20workflow%20config%22%7D" X-Client-IP="4.236.173.18" X-Client-Port="27648" >
  <step title="OneDeploy" date="2025-10-26T08:11:05.384" >
    <step title="None repository commit" date="2025-10-26T08:11:05.437" >
      <step title="Commit id: ec8f11d2-8a02-495c-81ce-0bbd0e5dd178" date="2025-10-26T08:11:05.451" Message="N/A" AuthorName="N/A" AuthorEmail="N/A" /><!-- duration: 7ms -->
    </step><!-- duration: 28ms -->
    <step title="Starting PushDeployAsync" date="2025-10-26T08:11:05.469" /><!-- duration: 4ms -->
    <step title="Writing artifact to /tmp/zipdeploy/0898e91a-4653-46a5-a575-de2e4c356208.zip" date="2025-10-26T08:11:05.551" >
      <step title="Writing multipart request body to /tmp/zipdeploy/0898e91a-4653-46a5-a575-de2e4c356208.zip" date="2025-10-26T08:11:05.577" /><!-- duration: 29ms -->
    </step><!-- duration: 5928ms -->
    <step title="Start deployment in the background" date="2025-10-26T08:11:11.527" >
      <step title="Acquiring Deployment Lock" date="2025-10-26T08:11:11.899" /><!-- duration: 39ms -->
      <step title="Acquired Deployment Lock" date="2025-10-26T08:11:12.408" /><!-- duration: 10ms -->
    </step><!-- duration: 1038ms -->
  </step><!-- duration: 7207ms -->
  <step title="Outgoing response" date="2025-10-26T08:11:12.608" type="response" statusCode="202" statusText="Accepted" /><!-- duration: 5ms -->
</step><!-- duration: 7522ms -->
