<step title="Incoming Request" date="2025-10-26T08:14:39.717" instance="504896" url="/api/deployments/latest?deployer=OneDeploy&amp;time=2025-10-26_08-11-12Z" method="GET" type="request" pid="833,1,15" Host="ecomm-app-4379.scm.azurewebsites.net" User-Agent="GITHUBACTIONS_DeployWebAppToAzure_85a8437dad18d601054a5ca9a5ef62e71eefa3c9ac7d843e02553bb9af9d5c17" Authorization="Bea..." Content-Type="application/json; charset=utf-8" Cookie="ARRAffinity=504896c031d2fcb93e96c5b802e958a974f760ea45aef3813e22443ccf4d3a0c;Path=/;HttpOnly;Secure;Domain=ecomm-app-4379.scm.azurewebsites.net; ARRAffinitySameSite=504896c031d2fcb93e96c5b802e958a974f760ea45aef3813e22443ccf4d3a0c;Path=/;HttpOnly;SameSite=None;Secure;Domain=ecomm-app-4379.scm.azurewebsites.net" Content-Length="0" X-ARR-LOG-ID="9802f326-2c07-4960-8a7c-58e971ab6549" CLIENT-IP="4.236.173.18:27648" X-SITE-DEPLOYMENT-ID="ecomm-app-4379" WAS-DEFAULT-HOSTNAME="ecomm-app-4379.scm.azurewebsites.net" X-Forwarded-Proto="https" X-AppService-Proto="https" X-Forwarded-TlsVersion="1.3" X-WAWS-Unencoded-URL="/api/deployments/latest?deployer=OneDeploy&amp;time=2025-10-26_08-11-12Z" X-Client-IP="4.236.173.18" X-Client-Port="27648" >
  <step title="Cleanup Xml Logs" date="2025-10-26T08:14:39.739" >
    <step title="Cleanup Infos" date="2025-10-26T08:14:39.772" totalFiles="438" totalCleanup="278" /><!-- duration: 11ms -->
  </step><!-- duration: 53ms -->
  <step title="DeploymentService.GetResult" date="2025-10-26T08:14:39.808" >
    <step title="DeploymentService.GetLatestDeployment" date="2025-10-26T08:14:39.816" >
      <step title="DeploymentManager.GetResults" date="2025-10-26T08:14:39.825" /><!-- duration: 946ms -->
    </step><!-- duration: 1004ms -->
  </step><!-- duration: 1021ms -->
  <step title="Outgoing response" date="2025-10-26T08:14:40.886" type="response" statusCode="202" statusText="Accepted" /><!-- duration: 13ms -->
</step><!-- duration: 1192ms -->
