<step title="Incoming Request" date="2025-10-25T22:02:49.322" instance="504896" url="/api/deployments/latest?deployer=OneDeploy&amp;time=2025-10-25_22-01-18Z" method="GET" type="request" pid="834,1,38" Host="ecomm-app-4379.scm.azurewebsites.net" User-Agent="GITHUBACTIONS_DeployWebAppToAzure_85a8437dad18d601054a5ca9a5ef62e71eefa3c9ac7d843e02553bb9af9d5c17" Authorization="Bea..." Content-Type="application/json; charset=utf-8" Cookie="ARRAffinity=504896c031d2fcb93e96c5b802e958a974f760ea45aef3813e22443ccf4d3a0c;Path=/;HttpOnly;Secure;Domain=ecomm-app-4379.scm.azurewebsites.net; ARRAffinitySameSite=504896c031d2fcb93e96c5b802e958a974f760ea45aef3813e22443ccf4d3a0c;Path=/;HttpOnly;SameSite=None;Secure;Domain=ecomm-app-4379.scm.azurewebsites.net" Content-Length="0" X-ARR-LOG-ID="9add5dc0-c8a6-422e-aedf-c46a08e26324" CLIENT-IP="68.154.116.65:59392" X-SITE-DEPLOYMENT-ID="ecomm-app-4379" WAS-DEFAULT-HOSTNAME="ecomm-app-4379.scm.azurewebsites.net" X-Forwarded-Proto="https" X-AppService-Proto="https" X-Forwarded-TlsVersion="1.3" X-WAWS-Unencoded-URL="/api/deployments/latest?deployer=OneDeploy&amp;time=2025-10-25_22-01-18Z" X-Client-IP="68.154.116.65" X-Client-Port="59392" >
  <step title="Cleanup Xml Logs" date="2025-10-25T22:02:49.326" >
    <step title="Cleanup Infos" date="2025-10-25T22:02:49.342" totalFiles="262" totalCleanup="102" /><!-- duration: 17ms -->
  </step><!-- duration: 57ms -->
  <step title="DeploymentService.GetResult" date="2025-10-25T22:02:49.396" >
    <step title="DeploymentService.GetLatestDeployment" date="2025-10-25T22:02:49.406" >
      <step title="DeploymentManager.GetResults" date="2025-10-25T22:02:49.417" /><!-- duration: 321ms -->
    </step><!-- duration: 337ms -->
  </step><!-- duration: 352ms -->
  <step title="Outgoing response" date="2025-10-25T22:02:49.752" type="response" statusCode="202" statusText="Accepted" /><!-- duration: 6ms -->
</step><!-- duration: 440ms -->
