<step title="Incoming Request" date="2025-10-25T19:25:29.645" instance="504896" url="/api/publish?type=zip" method="POST" type="request" pid="833,1,22" Accept="*/*" Host="ecomm-app-4379.scm.azurewebsites.net" User-Agent="AZURECLI/2.78.0 (MSI)" Accept-Encoding="gzip, deflate" Authorization="Bea..." Cache-Control="no-cache" Content-Type="application/octet-stream" Cookie="ARRAffinity=504896c031d2fcb93e96c5b802e958a974f760ea45aef3813e22443ccf4d3a0c; ARRAffinitySameSite=504896c031d2fcb93e96c5b802e958a974f760ea45aef3813e22443ccf4d3a0c" Content-Length="210701" x-ms-client-request-id="56dcb351-b1d8-11f0-baee-00e04f06f700" x-ms-artifact-checksum="79cea89a8d2f2c45106dc1b4dd69911a196071d46f994eeef40c592fe3c9ba7c" X-ARR-LOG-ID="56dcb351-b1d8-11f0-baee-00e04f06f700" CLIENT-IP="182.48.210.98:33447" X-SITE-DEPLOYMENT-ID="ecomm-app-4379" WAS-DEFAULT-HOSTNAME="ecomm-app-4379.scm.azurewebsites.net" X-Forwarded-Proto="https" X-AppService-Proto="https" X-Forwarded-TlsVersion="1.3" X-WAWS-Unencoded-URL="/api/publish?type=zip" X-Client-IP="182.48.210.98" X-Client-Port="33447" >
  <step title="OneDeploy" date="2025-10-25T19:25:29.691" >
    <step title="Starting PushDeployAsync" date="2025-10-25T19:25:29.711" /><!-- duration: 6ms -->
    <step title="Writing artifact to /tmp/zipdeploy/ae3da9f1-20ae-4ddd-8b3f-a5e51258bd20.zip" date="2025-10-25T19:25:29.772" >
      <step title="Writing multipart request body to /tmp/zipdeploy/ae3da9f1-20ae-4ddd-8b3f-a5e51258bd20.zip" date="2025-10-25T19:25:29.791" /><!-- duration: 27ms -->
    </step><!-- duration: 309ms -->
    <step title="Attempting to fetch target branch HEAD" date="2025-10-25T19:25:30.095" /><!-- duration: 5ms -->
    <step title="Acquiring Deployment Lock" date="2025-10-25T19:25:30.105" /><!-- duration: 4ms -->
    <step title="Acquired Deployment Lock" date="2025-10-25T19:25:30.142" /><!-- duration: 5ms -->
    <step title="Performing fetch based deployment" date="2025-10-25T19:25:30.159" >
      <step title="Creating temporary deployment" date="2025-10-25T19:25:30.165" /><!-- duration: 68ms -->
      <step title="Releasing Deployment Lock" date="2025-10-25T19:25:31.438" /><!-- duration: 9ms -->
      <step title="Cleaning up temp folders from previous zip deployments and extracting pushed zip file /tmp/zipdeploy/ae3da9f1-20ae-4ddd-8b3f-a5e51258bd20.zip (0.20 MB) to /tmp/zipdeploy/extracted" date="2025-10-25T19:25:31.496" >
        <step title="ChmodRecursive Process exited with total time taken in ms: 36" date="2025-10-25T19:25:31.601" /><!-- duration: 9ms -->
      </step><!-- duration: 123ms -->
      <step title="None repository commit" date="2025-10-25T19:25:31.624" >
        <step title="Commit id: 6e50d80f-c97e-40a3-85eb-09d963dc10bf" date="2025-10-25T19:25:31.631" Message="OneDeploy" AuthorName="N/A" AuthorEmail="N/A" /><!-- duration: 6ms -->
      </step><!-- duration: 18ms -->
      <step title="Deployment timer started" date="2025-10-25T19:25:33.650" >
        <step title="DeploymentManager.Deploy(id:6e50d80f-c97e-40a3-85eb-09d963dc10bf)" date="2025-10-25T19:25:33.657" >
          <step title="Collecting changeset information" date="2025-10-25T19:25:33.689" /><!-- duration: 106ms -->
          <step title="Updating submodules" date="2025-10-25T19:25:33.804" /><!-- duration: 1162ms -->
          <step title="Determining deployment builder" date="2025-10-25T19:25:35.323" >
            <step title="Builder is OryxBuilder" date="2025-10-25T19:25:35.340" /><!-- duration: 5ms -->
          </step><!-- duration: 29ms -->
          <step title="PreDeployment: context.CleanOutputPath False" date="2025-10-25T19:25:35.420" >
            <step title="PreDeployment: context.OutputPath /home/site/wwwroot" date="2025-10-25T19:25:35.570" >
              <step title="Building" date="2025-10-25T19:25:35.736" >
                <step title="Executing external process" date="2025-10-25T19:25:36.183" type="process" path="bash" arguments="-c &quot;oryx build /tmp/zipdeploy/extracted -o /home/site/wwwroot --platform nodejs --platform-version 20 -p virtualenv_name= --log-file /tmp/build-debug.log  -i /tmp/8de13fc4599ef8f -p compress_node_modules=tar-gz | tee /tmp/oryx-build.log ; exit $PIPESTATUS &quot;" >
                  <step title="Cpu: npm install(1265,9.260s)+build.sh(1181,0.030s)+oryx(1164,4.140s)+tee(1165,0.000s)+bash(1163,0.000s)=total(13.410s)" date="2025-10-25T19:26:47.107" /><!-- duration: 39ms -->
                  <step title="bash: no io activity for 61s, prev-cpu=-1.000s, current-cpu=13.410s" date="2025-10-25T19:26:47.208" /><!-- duration: 66ms -->
                  <step title="Cpu: npm install(1265,17.120s)+build.sh(1181,0.030s)+oryx(1164,4.470s)+tee(1165,0.000s)+bash(1163,0.000s)=total(21.550s)" date="2025-10-25T19:27:51.053" /><!-- duration: 552ms -->
                  <step title="bash: no io activity for 122s, prev-cpu=13.410s, current-cpu=21.550s" date="2025-10-25T19:27:51.989" /><!-- duration: 106ms -->
                  <step title="Cpu: npm install(1265,52.030s)+build.sh(1181,0.030s)+oryx(1164,5.560s)+tee(1165,0.000s)+bash(1163,0.000s)=total(57.620s)" date="2025-10-25T19:29:30.921" /><!-- duration: 22ms -->
                  <step title="bash: no io activity for 61s, prev-cpu=-1.000s, current-cpu=57.620s" date="2025-10-25T19:29:30.953" /><!-- duration: 8ms -->
                  <step title="Cpu: npm install(1265,52.030s)+build.sh(1181,0.030s)+oryx(1164,5.810s)+tee(1165,0.000s)+bash(1163,0.000s)=total(57.870s)" date="2025-10-25T19:30:31.127" /><!-- duration: 14ms -->
                  <step title="bash: no io activity for 121s, prev-cpu=57.620s, current-cpu=57.870s" date="2025-10-25T19:30:31.152" /><!-- duration: 18ms -->
                  <step title="Cpu: npm install(1265,52.480s)+build.sh(1181,0.030s)+oryx(1164,6.030s)+tee(1165,0.000s)+bash(1163,0.000s)=total(58.540s)" date="2025-10-25T19:31:31.313" /><!-- duration: 9ms -->
                  <step title="bash: no io activity for 181s, prev-cpu=57.870s, current-cpu=58.540s" date="2025-10-25T19:31:31.337" /><!-- duration: 9ms -->
                  <step title="Cpu: npm install(1265,53.250s)+build.sh(1181,0.030s)+oryx(1164,6.270s)+tee(1165,0.000s)+bash(1163,0.000s)=total(59.540s)" date="2025-10-25T19:32:34.290" /><!-- duration: 79ms -->
                  <step title="bash: no io activity for 241s, prev-cpu=58.540s, current-cpu=59.540s" date="2025-10-25T19:32:34.495" /><!-- duration: 126ms -->
                  <step title="Cpu: npm install(1265,53.360s)+build.sh(1181,0.030s)+oryx(1164,6.900s)+tee(1165,0.000s)+bash(1163,0.000s)=total(60.290s)" date="2025-10-25T19:33:35.275" /><!-- duration: 27ms -->
                  <step title="bash: no io activity for 305s, prev-cpu=59.540s, current-cpu=60.290s" date="2025-10-25T19:33:35.314" /><!-- duration: 21ms -->
                  <step title="Cpu: npm install(1265,53.490s)+build.sh(1181,0.030s)+oryx(1164,7.250s)+tee(1165,0.000s)+bash(1163,0.000s)=total(60.770s)" date="2025-10-25T19:34:35.524" /><!-- duration: 12ms -->
                  <step title="bash: no io activity for 365s, prev-cpu=60.290s, current-cpu=60.770s" date="2025-10-25T19:34:35.545" /><!-- duration: 17ms -->
                  <step title="Cpu: npm install(1265,53.490s)+build.sh(1181,0.030s)+oryx(1164,7.320s)+tee(1165,0.000s)+bash(1163,0.000s)=total(60.840s)" date="2025-10-25T19:35:35.717" /><!-- duration: 10ms -->
                  <step title="bash: no io activity for 425s, prev-cpu=60.770s, current-cpu=60.840s" date="2025-10-25T19:35:35.741" /><!-- duration: 22ms -->
                  <step title="Cpu: npm install(1265,53.490s)+build.sh(1181,0.030s)+oryx(1164,7.460s)+tee(1165,0.000s)+bash(1163,0.000s)=total(60.980s)" date="2025-10-25T19:36:36.186" /><!-- duration: 11ms -->
                  <step title="bash: no io activity for 486s, prev-cpu=60.840s, current-cpu=60.980s" date="2025-10-25T19:36:36.222" /><!-- duration: 13ms -->
                  <step title="Cpu: npm install(1265,53.490s)+build.sh(1181,0.030s)+oryx(1164,7.610s)+tee(1165,0.000s)+bash(1163,0.000s)=total(61.130s)" date="2025-10-25T19:37:36.414" /><!-- duration: 28ms -->
                  <step title="bash: no io activity for 546s, prev-cpu=60.980s, current-cpu=61.130s" date="2025-10-25T19:37:36.452" /><!-- duration: 14ms -->
                  <step title="Cpu: npm install(1265,53.490s)+build.sh(1181,0.030s)+oryx(1164,8.760s)+tee(1165,0.000s)+bash(1163,0.000s)=total(62.280s)" date="2025-10-25T19:38:36.559" /><!-- duration: 9ms -->
                  <step title="bash: no io activity for 606s, prev-cpu=61.130s, current-cpu=62.280s" date="2025-10-25T19:38:36.576" /><!-- duration: 13ms -->
                  <step title="Cpu: npm install(1265,53.500s)+build.sh(1181,0.030s)+oryx(1164,8.800s)+tee(1165,0.000s)+bash(1163,0.000s)=total(62.330s)" date="2025-10-25T19:39:36.672" /><!-- duration: 8ms -->
                  <step title="bash: no io activity for 666s, prev-cpu=62.280s, current-cpu=62.330s" date="2025-10-25T19:39:36.689" /><!-- duration: 11ms -->
                  <step title="Cpu: npm install(1265,53.540s)+build.sh(1181,0.030s)+oryx(1164,8.860s)+tee(1165,0.000s)+bash(1163,0.000s)=total(62.430s)" date="2025-10-25T19:40:36.796" /><!-- duration: 8ms -->
                  <step title="bash: no io activity for 726s, prev-cpu=62.330s, current-cpu=62.430s" date="2025-10-25T19:40:36.813" /><!-- duration: 15ms -->
                  <step title="Cpu: npm install(1265,53.540s)+build.sh(1181,0.030s)+oryx(1164,8.970s)+tee(1165,0.000s)+bash(1163,0.000s)=total(62.540s)" date="2025-10-25T19:41:36.913" /><!-- duration: 14ms -->
                  <step title="bash: no io activity for 787s, prev-cpu=62.430s, current-cpu=62.540s" date="2025-10-25T19:41:36.934" /><!-- duration: 8ms -->
                  <step title="Error occurred" date="2025-10-25T19:42:14.943" type="error" text="Deployment has been stopped due to SCM container restart. The restart can happen due to a management operation on site. Do not perform a management operation and a deployment operation in quick succession. Adding a small delay can help avoid any conflicts." /><!-- duration: 27ms -->
                  <step title="Killing external process" date="2025-10-25T19:42:15.022" >
                    <step title="Abort Process &apos;npm install(1265)&apos;." date="2025-10-25T19:42:15.225" /><!-- duration: 20ms -->
                    <step title="Abort Process &apos;build.sh(1181)&apos;." date="2025-10-25T19:42:15.252" /><!-- duration: 34ms -->
                    <step title="Abort Process &apos;oryx(1164)&apos;." date="2025-10-25T19:42:15.411" /><!-- duration: 56ms -->
                    <step title="Abort Process &apos;tee(1165)&apos;." date="2025-10-25T19:42:15.487" /><!-- duration: 18ms -->
                    <step title="Abort Process &apos;bash(1163)&apos;." date="2025-10-25T19:42:15.535" /><!-- duration: 7ms -->
                    <step title="Process dump" date="2025-10-25T19:42:15.949" exitCode="137" type="processOutput" /><!-- duration: 12ms -->
                  </step><!-- duration: 1093ms -->
                  <step title="Error occurred" date="2025-10-25T19:42:16.395" type="error" text="npm warn deprecated har-validator@5.1.5: this library is no longer supported
npm warn deprecated q@1.5.1: You or someone you depend on is using Q, the JavaScript Promise library that gave JavaScript developers strong feelings about promises. They can almost certainly migrate to the native JavaScript promise now. Thank you literally everyone for joining me in this bet against the odds. Be excellent to each other.
npm warn deprecated
npm warn deprecated (For a CapTP with native promises, see @endo/eventual-send and @endo/captp)
npm warn deprecated uuid@3.4.0: Please upgrade  to version 7 or higher.  Older versions may use Math.random() in certain circumstances, which is known to be problematic.  See https://v8.dev/blog/math-random for details.
npm warn deprecated request@2.88.2: request has been deprecated, see https://github.com/request/request/issues/3142
npm warn deprecated paypal-rest-sdk@1.8.1: Package no longer supported. The author suggests using the @paypal/paypal-server-sdk package instead: https://www.npmjs.com/package/@paypal/paypal-server-sdk. Contact Support at https://www.npmjs.com/support for more info.
npm warn deprecated azure-sb@0.10.6: Please note, a newer package @azure/service-bus for Azure Service Bus is available as of May 2019 and [@azure/notification-hubs] for Azure Notification Hubs as of March 2023. We strongly encourage you to upgrade to the new package for your Service Bus and Notification Hubs needs. Migration guide can be found at:
npm warn deprecated  
npm warn deprecated https://github.com/Azure/azure-sdk-for-js/blob/main/sdk/servicebus/service-bus/migrationguide.md
npm warn deprecated  
npm warn deprecated and
npm warn deprecated  
npm warn deprecated https://github.com/Azure/azure-sdk-for-js/blob/main/sdk/notificationhubs/notification-hubs/migrationguide.md
npm warn deprecated
/bin/bash: line 1:  1164 Killed                  oryx build /tmp/zipdeploy/extracted -o /home/site/wwwroot --platform nodejs --platform-version 20 -p virtualenv_name= --log-file /tmp/build-debug.log -i /tmp/8de13fc4599ef8f -p compress_node_modules=tar-gz
      1165                       | tee /tmp/oryx-build.log
/bin/bash -c &quot;oryx build /tmp/zipdeploy/extracted -o /home/site/wwwroot --platform nodejs --platform-version 20 -p virtualenv_name= --log-file /tmp/build-debug.log  -i /tmp/8de13fc4599ef8f -p compress_node_modules=tar-gz | tee /tmp/oryx-build.log ; exit $PIPESTATUS &quot;" stackTrace="   at Kudu.Core.Infrastructure.Executable.ExecuteInternal(ITracer tracer, Func`2 onWriteOutput, Func`2 onWriteError, CancellationToken token, Encoding encoding, String arguments, Object[] args) in /tmp/KuduLite/Kudu.Core/Infrastructure/Executable.cs:line 239
   at Kudu.Core.Infrastructure.Executable.ExecuteWithProgressWriter(ILogger logger, ITracer tracer, CancellationToken token, String arguments, Object[] args) in /tmp/KuduLite/Kudu.Core/Infrastructure/Executable.cs:line 118
   at Kudu.Core.Deployment.Generator.ExternalCommandBuilder.RunCommand(DeploymentContext context, String command, Boolean ignoreManifest, CancellationToken token, String message) in /tmp/KuduLite/Kudu.Core/Deployment/Generator/ExternalCommandBuilder.cs:line 122" /><!-- duration: 11ms -->
                  <step title="Error occurred" date="2025-10-25T19:42:16.656" type="error" text="npm warn deprecated har-validator@5.1.5: this library is no longer supported
npm warn deprecated q@1.5.1: You or someone you depend on is using Q, the JavaScript Promise library that gave JavaScript developers strong feelings about promises. They can almost certainly migrate to the native JavaScript promise now. Thank you literally everyone for joining me in this bet against the odds. Be excellent to each other.
npm warn deprecated
npm warn deprecated (For a CapTP with native promises, see @endo/eventual-send and @endo/captp)
npm warn deprecated uuid@3.4.0: Please upgrade  to version 7 or higher.  Older versions may use Math.random() in certain circumstances, which is known to be problematic.  See https://v8.dev/blog/math-random for details.
npm warn deprecated request@2.88.2: request has been deprecated, see https://github.com/request/request/issues/3142
npm warn deprecated paypal-rest-sdk@1.8.1: Package no longer supported. The author suggests using the @paypal/paypal-server-sdk package instead: https://www.npmjs.com/package/@paypal/paypal-server-sdk. Contact Support at https://www.npmjs.com/support for more info.
npm warn deprecated azure-sb@0.10.6: Please note, a newer package @azure/service-bus for Azure Service Bus is available as of May 2019 and [@azure/notification-hubs] for Azure Notification Hubs as of March 2023. We strongly encourage you to upgrade to the new package for your Service Bus and Notification Hubs needs. Migration guide can be found at:
npm warn deprecated  
npm warn deprecated https://github.com/Azure/azure-sdk-for-js/blob/main/sdk/servicebus/service-bus/migrationguide.md
npm warn deprecated  
npm warn deprecated and
npm warn deprecated  
npm warn deprecated https://github.com/Azure/azure-sdk-for-js/blob/main/sdk/notificationhubs/notification-hubs/migrationguide.md
npm warn deprecated
/bin/bash: line 1:  1164 Killed                  oryx build /tmp/zipdeploy/extracted -o /home/site/wwwroot --platform nodejs --platform-version 20 -p virtualenv_name= --log-file /tmp/build-debug.log -i /tmp/8de13fc4599ef8f -p compress_node_modules=tar-gz
      1165                       | tee /tmp/oryx-build.log
/bin/bash -c &quot;oryx build /tmp/zipdeploy/extracted -o /home/site/wwwroot --platform nodejs --platform-version 20 -p virtualenv_name= --log-file /tmp/build-debug.log  -i /tmp/8de13fc4599ef8f -p compress_node_modules=tar-gz | tee /tmp/oryx-build.log ; exit $PIPESTATUS &quot;" stackTrace="   at Kudu.Core.Infrastructure.Executable.ExecuteInternal(ITracer tracer, Func`2 onWriteOutput, Func`2 onWriteError, CancellationToken token, Encoding encoding, String arguments, Object[] args) in /tmp/KuduLite/Kudu.Core/Infrastructure/Executable.cs:line 239
   at Kudu.Core.Infrastructure.Executable.ExecuteWithProgressWriter(ILogger logger, ITracer tracer, CancellationToken token, String arguments, Object[] args) in /tmp/KuduLite/Kudu.Core/Infrastructure/Executable.cs:line 118
   at Kudu.Core.Deployment.Generator.ExternalCommandBuilder.RunCommand(DeploymentContext context, String command, Boolean ignoreManifest, CancellationToken token, String message) in /tmp/KuduLite/Kudu.Core/Deployment/Generator/ExternalCommandBuilder.cs:line 122
   at Kudu.Core.Deployment.Generator.OryxBuilder.RunBuildCommand(IOryxArguments args, DeploymentContext context, CancellationToken token) in /tmp/KuduLite/Kudu.Core/Deployment/Generator/OryxBuilder.cs:line 295
   at Kudu.Core.Deployment.Generator.OryxBuilder.Build(DeploymentContext context, CancellationToken token) in /tmp/KuduLite/Kudu.Core/Deployment/Generator/OryxBuilder.cs:line 136
   at Kudu.Core.Deployment.DeploymentManager.Build(ChangeSet changeSet, ITracer tracer, IDisposable deployStep, IRepository repository, DeploymentInfoBase deploymentInfo, DeploymentAnalytics deploymentAnalytics, Boolean fullBuildByDefault, CancellationToken cancellationToken) in /tmp/KuduLite/Kudu.Core/Deployment/DeploymentManager.cs:line 771" /><!-- duration: 19ms -->
                  <step title="Using GenericDeploymentLogParser" date="2025-10-25T19:42:17.346" /><!-- duration: 27ms -->
