<step title="Incoming Request" date="2025-10-25T22:34:11.644" instance="504896" url="/api/publish?async=true&amp;deployer=GITHUB_ONE_DEPLOY&amp;type=zip&amp;message=%7B%22type%22%3A%22deployment%22%2C%22sha%22%3A%221bee8b186562c1306388394c6762e72ba3aebbcf%22%2C%22repoName%22%3A%22VengurlekarMayuresh%2FEcommerce%22%2C%22actor%22%3A%22VengurlekarMayuresh%22%2C%22slotName%22%3A%22Production%22%2C%22commitMessage%22%3A%22Fix%20deployment%3A%20use%20zip%20package%2C%20disable%20Oryx%20build%22%7D" method="POST" type="request" pid="831,1,17" Host="ecomm-app-4379.scm.azurewebsites.net" User-Agent="GITHUBACTIONS_DeployWebAppToAzure_85a8437dad18d601054a5ca9a5ef62e71eefa3c9ac7d843e02553bb9af9d5c17" Authorization="Bea..." Content-Type="application/octet-stream" Cookie="ARRAffinity=504896c031d2fcb93e96c5b802e958a974f760ea45aef3813e22443ccf4d3a0c;Path=/;HttpOnly;Secure;Domain=ecomm-app-4379.scm.azurewebsites.net; ARRAffinitySameSite=504896c031d2fcb93e96c5b802e958a974f760ea45aef3813e22443ccf4d3a0c;Path=/;HttpOnly;SameSite=None;Secure;Domain=ecomm-app-4379.scm.azurewebsites.net" Transfer-Encoding="chunked" X-ARR-LOG-ID="52c90ec9-a60b-49fc-a80c-3fe107749f61" CLIENT-IP="172.177.209.208:21504" X-SITE-DEPLOYMENT-ID="ecomm-app-4379" WAS-DEFAULT-HOSTNAME="ecomm-app-4379.scm.azurewebsites.net" X-Forwarded-Proto="https" X-AppService-Proto="https" X-Forwarded-TlsVersion="1.3" X-WAWS-Unencoded-URL="/api/publish?async=true&amp;deployer=GITHUB_ONE_DEPLOY&amp;type=zip&amp;message=%7B%22type%22%3A%22deployment%22%2C%22sha%22%3A%221bee8b186562c1306388394c6762e72ba3aebbcf%22%2C%22repoName%22%3A%22VengurlekarMayuresh%2FEcommerce%22%2C%22actor%22%3A%22VengurlekarMayuresh%22%2C%22slotName%22%3A%22Production%22%2C%22commitMessage%22%3A%22Fix%20deployment%3A%20use%20zip%20package%2C%20disable%20Oryx%20build%22%7D" X-Client-IP="172.177.209.208" X-Client-Port="21504" >
  <step title="OneDeploy" date="2025-10-25T22:34:11.684" >
    <step title="Starting PushDeployAsync" date="2025-10-25T22:34:11.696" /><!-- duration: 17ms -->
    <step title="WEBSITE_RUN_FROM_PACKAGE is set to 1. Writing zip to SitePackagesPath" date="2025-10-25T22:34:11.739" /><!-- duration: 9ms -->
    <step title="Copying zip to SitePackages /home/data/SitePackages/20251025223411.zip from request body" date="2025-10-25T22:34:11.759" /><!-- duration: 15ms -->
    <step title="Writing multipart request body to /home/data/SitePackages/20251025223411.zip" date="2025-10-25T22:34:11.784" /><!-- duration: 17ms -->
    <step title="Start deployment in the background" date="2025-10-25T22:34:16.709" >
      <step title="Acquiring Deployment Lock" date="2025-10-25T22:34:16.840" /><!-- duration: 6ms -->
      <step title="Cannot Acquire Deployment Lock already held" date="2025-10-25T22:34:16.878" /><!-- duration: 8ms -->
    </step><!-- duration: 337ms -->
    <step title="There is a deployment currently in progress. Please try again when it completes." date="2025-10-25T22:34:17.063" /><!-- duration: 5ms -->
  </step><!-- duration: 5393ms -->
  <step title="Outgoing response" date="2025-10-25T22:34:17.196" type="response" statusCode="409" statusText="Conflict" /><!-- duration: 31ms -->
</step><!-- duration: 5596ms -->
