<step title="BackgroundTrace" date="2025-10-25T22:34:11.571" instance="504896" url="/api/publish" method="POST" >
  <step title="Cleanup Xml Logs" date="2025-10-25T22:34:11.578" >
    <step title="Cleanup Infos" date="2025-10-25T22:34:11.595" totalFiles="313" totalCleanup="153" /><!-- duration: 9ms -->
  </step><!-- duration: 32ms -->
  <step title="Creating temporary deployment - FetchDeploymentManager" date="2025-10-25T22:34:11.760" /><!-- duration: 14ms -->
  <step title="Creating temporary deployment" date="2025-10-25T22:34:11.786" /><!-- duration: 100ms -->
  <step title="Performing fetch based deployment" date="2025-10-25T22:34:11.950" >
    <step title="Deployment timer started" date="2025-10-25T22:34:15.925" >
      <step title="DeploymentManager.Deploy(id:2192db90-0c99-4c4a-9a8d-eddfd73ab1d5)" date="2025-10-25T22:34:16.629" >
        <step title="Collecting changeset information" date="2025-10-25T22:34:16.691" /><!-- duration: 185ms -->
        <step title="Updating submodules" date="2025-10-25T22:34:16.892" /><!-- duration: 1354ms -->
        <step title="Determining deployment builder" date="2025-10-25T22:34:18.519" >
          <step title="Builder is RunFromZipSiteBuilder" date="2025-10-25T22:34:18.542" /><!-- duration: 4ms -->
        </step><!-- duration: 32ms -->
        <step title="PreDeployment: context.CleanOutputPath False" date="2025-10-25T22:34:18.620" >
          <step title="PreDeployment: context.OutputPath /home/site/wwwroot" date="2025-10-25T22:34:18.759" >
            <step title="Building" date="2025-10-25T22:34:18.916" >
              <step title="Modified file to trigger a restart of the app container." date="2025-10-25T22:34:19.417" /><!-- duration: 8ms -->
              <step title="Skip function trigger and logicapp sync because function is not enabled." date="2025-10-25T22:34:19.439" /><!-- duration: 10ms -->
              <step title="Purge deployment items" date="2025-10-25T22:34:20.613" >
                <step title="Remove 1d2f0398-, Failed, received at 10/25/2025 22:21:34" date="2025-10-25T22:34:20.683" /><!-- duration: 4ms -->
                <step title="Remove temp-5967, Failed, received at 10/25/2025 22:21:11" date="2025-10-25T22:34:20.772" /><!-- duration: 5ms -->
                <step title="Remove 25ed239d-, Failed, received at 10/25/2025 22:20:36" date="2025-10-25T22:34:20.877" /><!-- duration: 4ms -->
              </step><!-- duration: 273ms -->
            </step><!-- duration: 2062ms -->
          </step><!-- duration: 2225ms -->
          <step title="Cleaning up temp files" date="2025-10-25T22:34:20.992" /><!-- duration: 7ms -->
          <step title="Cleaning up temp files" date="2025-10-25T22:34:21.012" /><!-- duration: 512ms -->
          <step title="Reloading status file with latest updates" date="2025-10-25T22:34:21.956" >
            <step title="WebHooksManager.PublishEventAsync: PostDeployment" date="2025-10-25T22:34:21.993" /><!-- duration: 466ms -->
          </step><!-- duration: 530ms -->
          <step title="Cleaning up temporary deployment - fetch deployment was successful" date="2025-10-25T22:34:22.526" /><!-- duration: 35ms -->
        </step><!-- duration: 4139ms -->
      </step><!-- duration: 6297ms -->
