<step title="Incoming Request" date="2025-10-25T22:01:12.672" instance="504896" url="/api/publish?async=true&amp;deployer=GITHUB_ONE_DEPLOY&amp;type=zip&amp;message=%7B%22type%22%3A%22deployment%22%2C%22sha%22%3A%22557c8145a26035c86b906980f44dc6688f7e7396%22%2C%22repoName%22%3A%22VengurlekarMayuresh%2FEcommerce%22%2C%22actor%22%3A%22VengurlekarMayuresh%22%2C%22slotName%22%3A%22Production%22%2C%22commitMessage%22%3A%22Add%20Azure%20deployment%20workflow%22%7D" method="POST" type="request" pid="834,1,35" Host="ecomm-app-4379.scm.azurewebsites.net" User-Agent="GITHUBACTIONS_DeployWebAppToAzure_85a8437dad18d601054a5ca9a5ef62e71eefa3c9ac7d843e02553bb9af9d5c17" Authorization="Bea..." Content-Type="application/octet-stream" Cookie="ARRAffinity=504896c031d2fcb93e96c5b802e958a974f760ea45aef3813e22443ccf4d3a0c;Path=/;HttpOnly;Secure;Domain=ecomm-app-4379.scm.azurewebsites.net; ARRAffinitySameSite=504896c031d2fcb93e96c5b802e958a974f760ea45aef3813e22443ccf4d3a0c;Path=/;HttpOnly;SameSite=None;Secure;Domain=ecomm-app-4379.scm.azurewebsites.net" Transfer-Encoding="chunked" X-ARR-LOG-ID="0ed418bc-ea64-45e1-a3b9-87956942eb16" CLIENT-IP="68.154.116.65:59392" X-SITE-DEPLOYMENT-ID="ecomm-app-4379" WAS-DEFAULT-HOSTNAME="ecomm-app-4379.scm.azurewebsites.net" X-Forwarded-Proto="https" X-AppService-Proto="https" X-Forwarded-TlsVersion="1.3" X-WAWS-Unencoded-URL="/api/publish?async=true&amp;deployer=GITHUB_ONE_DEPLOY&amp;type=zip&amp;message=%7B%22type%22%3A%22deployment%22%2C%22sha%22%3A%22557c8145a26035c86b906980f44dc6688f7e7396%22%2C%22repoName%22%3A%22VengurlekarMayuresh%2FEcommerce%22%2C%22actor%22%3A%22VengurlekarMayuresh%22%2C%22slotName%22%3A%22Production%22%2C%22commitMessage%22%3A%22Add%20Azure%20deployment%20workflow%22%7D" X-Client-IP="68.154.116.65" X-Client-Port="59392" >
  <step title="Cleanup Xml Logs" date="2025-10-25T22:01:12.681" >
    <step title="Cleanup Infos" date="2025-10-25T22:01:12.703" totalFiles="232" totalCleanup="72" /><!-- duration: 11ms -->
  </step><!-- duration: 41ms -->
  <step title="OneDeploy" date="2025-10-25T22:01:13.032" >
    <step title="Starting PushDeployAsync" date="2025-10-25T22:01:13.117" /><!-- duration: 7ms -->
    <step title="Writing artifact to /tmp/zipdeploy/629b03cc-bd5e-4975-b47a-16b941a4888b.zip" date="2025-10-25T22:01:13.143" >
      <step title="Writing multipart request body to /tmp/zipdeploy/629b03cc-bd5e-4975-b47a-16b941a4888b.zip" date="2025-10-25T22:01:13.169" /><!-- duration: 10ms -->
    </step><!-- duration: 4719ms -->
    <step title="Start deployment in the background" date="2025-10-25T22:01:17.890" >
      <step title="Acquiring Deployment Lock" date="2025-10-25T22:01:17.990" /><!-- duration: 4ms -->
      <step title="Acquired Deployment Lock" date="2025-10-25T22:01:18.059" /><!-- duration: 5ms -->
    </step><!-- duration: 367ms -->
  </step><!-- duration: 5318ms -->
  <step title="Outgoing response" date="2025-10-25T22:01:18.561" type="response" statusCode="202" statusText="Accepted" /><!-- duration: 7ms -->
</step><!-- duration: 5901ms -->
