<step title="Incoming Request" date="2025-10-26T14:11:37.691" instance="504896" url="/api/zipdeploy?isAsync=true" method="POST" type="request" pid="835,1,3" Accept="*/*" Host="ecomm-app-4379.scm.azurewebsites.net" User-Agent="AZURECLI/2.78.0 (MSI)" Accept-Encoding="gzip, deflate" Authorization="Bea..." Cache-Control="no-cache" Content-Type="application/octet-stream" Content-Length="22868798" x-ms-client-request-id="a9f48cd7-b275-11f0-a5f0-00e04f06f700" x-ms-artifact-checksum="45ca429be22ce34d743d1f389c8ebcf8721e0984f33260ec9964a842277060cd" X-ARR-LOG-ID="a9f48cd7-b275-11f0-a5f0-00e04f06f700" CLIENT-IP="114.79.174.8:50094" X-SITE-DEPLOYMENT-ID="ecomm-app-4379" WAS-DEFAULT-HOSTNAME="ecomm-app-4379.scm.azurewebsites.net" X-Forwarded-Proto="https" X-AppService-Proto="https" X-Forwarded-TlsVersion="1.3" X-WAWS-Unencoded-URL="/api/zipdeploy?isAsync=true" X-Client-IP="114.79.174.8" X-Client-Port="50094" >
  <step title="Cleanup Xml Logs" date="2025-10-26T14:11:37.696" >
    <step title="Cleanup Infos" date="2025-10-26T14:11:37.737" totalFiles="452" totalCleanup="292" /><!-- duration: 30ms -->
  </step><!-- duration: 90ms -->
  <step title="ZipPushDeploy" date="2025-10-26T14:11:39.164" >
    <step title="ZipDeploy. Extract zip. Remote build." date="2025-10-26T14:11:39.181" /><!-- duration: 9ms -->
    <step title="None repository commit" date="2025-10-26T14:11:39.210" >
      <step title="Commit id: ffd088e0-adad-4c2a-91e5-850022b7b672" date="2025-10-26T14:11:39.215" Message="N/A" AuthorName="N/A" AuthorEmail="N/A" /><!-- duration: 5ms -->
    </step><!-- duration: 16ms -->
    <step title="Starting PushDeployAsync" date="2025-10-26T14:11:39.232" /><!-- duration: 5ms -->
    <step title="Removing node_modules symlink" date="2025-10-26T14:11:39.303" >
      <step title="Removing sub node_modules symlink" date="2025-10-26T14:11:39.532" >
        <step title="Writing artifact to /tmp/zipdeploy/64139e1a-b5f6-4882-8b16-9a72380a2c51.zip" date="2025-10-26T14:11:39.583" >
          <step title="Writing multipart request body to /tmp/zipdeploy/64139e1a-b5f6-4882-8b16-9a72380a2c51.zip" date="2025-10-26T14:11:39.592" /><!-- duration: 11ms -->
        </step><!-- duration: 1110ms -->
        <step title="Removing previous build artifact&apos;s manifest file" date="2025-10-26T14:11:40.706" >
          <step title="Start deployment in the background" date="2025-10-26T14:11:40.731" >
            <step title="Acquiring Deployment Lock" date="2025-10-26T14:11:40.795" /><!-- duration: 10ms -->
            <step title="Acquired Deployment Lock" date="2025-10-26T14:11:40.910" /><!-- duration: 5ms -->
          </step><!-- duration: 336ms -->
        </step><!-- duration: 375ms -->
        <step title="Outgoing response" date="2025-10-26T14:11:41.105" type="response" statusCode="202" statusText="Accepted" /><!-- duration: 4ms -->
      </step><!-- duration: 1581ms -->
