<step title="BackgroundTrace" date="2025-10-26T14:11:40.737" instance="504896" url="/api/zipdeploy" method="POST" >
  <step title="Cleanup Xml Logs" date="2025-10-26T14:11:40.742" >
    <step title="Cleanup Infos" date="2025-10-26T14:11:40.762" totalFiles="453" totalCleanup="293" /><!-- duration: 8ms -->
  </step><!-- duration: 34ms -->
  <step title="Creating temporary deployment - FetchDeploymentManager" date="2025-10-26T14:11:40.920" /><!-- duration: 4ms -->
  <step title="Creating temporary deployment" date="2025-10-26T14:11:40.930" /><!-- duration: 131ms -->
  <step title="Performing fetch based deployment" date="2025-10-26T14:11:41.141" >
    <step title="Cleaning up temp folders from previous zip deployments and extracting pushed zip file /tmp/zipdeploy/64139e1a-b5f6-4882-8b16-9a72380a2c51.zip (21.81 MB) to /tmp/zipdeploy/extracted" date="2025-10-26T14:11:42.364" >
      <step title="ChmodRecursive Process exited with total time taken in ms: 59" date="2025-10-26T14:11:42.866" /><!-- duration: 11ms -->
    </step><!-- duration: 523ms -->
    <step title="Deployment timer started" date="2025-10-26T14:11:44.929" >
      <step title="DeploymentManager.Deploy(id:ffd088e0-adad-4c2a-91e5-850022b7b672)" date="2025-10-26T14:11:44.943" >
        <step title="Collecting changeset information" date="2025-10-26T14:11:45.013" /><!-- duration: 150ms -->
        <step title="Updating submodules" date="2025-10-26T14:11:45.178" /><!-- duration: 1204ms -->
        <step title="Determining deployment builder" date="2025-10-26T14:11:46.647" >
          <step title="Builder is OryxBuilder" date="2025-10-26T14:11:46.671" /><!-- duration: 4ms -->
        </step><!-- duration: 34ms -->
        <step title="PreDeployment: context.CleanOutputPath False" date="2025-10-26T14:11:46.748" >
          <step title="PreDeployment: context.OutputPath /home/site/wwwroot" date="2025-10-26T14:11:46.938" >
            <step title="Building" date="2025-10-26T14:11:47.187" >
              <step title="Executing external process" date="2025-10-26T14:11:47.728" type="process" path="bash" arguments="-c &quot;oryx build /tmp/zipdeploy/extracted -o /home/site/wwwroot --platform nodejs --platform-version 20 -p virtualenv_name= --log-file /tmp/build-debug.log  -i /tmp/8de14999941553e -p compress_node_modules=tar-gz | tee /tmp/oryx-build.log ; exit $PIPESTATUS &quot;" >
                <step title="Process dump" date="2025-10-26T14:13:26.784" exitCode="23" type="processOutput" /><!-- duration: 39ms -->
              </step><!-- duration: 99125ms -->
              <step title="Error occurred" date="2025-10-26T14:13:27.500" type="error" text="npm warn deprecated q@1.5.1: You or someone you depend on is using Q, the JavaScript Promise library that gave JavaScript developers strong feelings about promises. They can almost certainly migrate to the native JavaScript promise now. Thank you literally everyone for joining me in this bet against the odds. Be excellent to each other.
npm warn deprecated
npm warn deprecated (For a CapTP with native promises, see @endo/eventual-send and @endo/captp)
npm warn deprecated paypal-rest-sdk@1.8.1: Package no longer supported. The author suggests using the @paypal/paypal-server-sdk package instead: https://www.npmjs.com/package/@paypal/paypal-server-sdk. Contact Support at https://www.npmjs.com/support for more info.
rsync: [generator] recv_generator: failed to stat &quot;/home/site/wwwroot/.github\workflows\azure-deploy.yml&quot;: Invalid argument (22)
rsync: [generator] recv_generator: failed to stat &quot;/home/site/wwwroot/config\app-insights.js&quot;: Invalid argument (22)
rsync: [generator] recv_generator: failed to stat &quot;/home/site/wwwroot/config\azure-ad-b2c.js&quot;: Invalid argument (22)
rsync: [generator] recv_generator: failed to stat &quot;/home/site/wwwroot/config\azure-communication.js&quot;: Invalid argument (22)
rsync: [generator] recv_generator: failed to stat &quot;/home/site/wwwroot/config\azure-keyvault.js&quot;: Invalid argument (22)
rsync: [generator] recv_generator: failed to stat &quot;/home/site/wwwroot/config\azure-notification-hub.js&quot;: Invalid argument (22)
rsync: [generator] recv_generator: failed to stat &quot;/home/site/wwwroot/config\azure-storage.js&quot;: Invalid argument (22)
rsync: [generator] recv_generator: failed to stat &quot;/home/site/wwwroot/config\filter-options.js&quot;: Invalid argument (22)
rsync: [generator] recv_generator: failed to stat &quot;/home/site/wwwroot/controllers\admin\order-controller.js&quot;: Invalid argument (22)
rsync: [generator] recv_generator: failed to stat &quot;/home/site/wwwroot/controllers\admin\products-controller.js&quot;: Invalid argument (22)
rsync: [generator] recv_generator: failed to stat &quot;/home/site/wwwroot/controllers\auth-controller.js&quot;: Invalid argument (22)
rsync: [generator] recv_generator: failed to stat &quot;/home/site/wwwroot/controllers\common\feature-controller.js&quot;: Invalid argument (22)
rsync: [generator] recv_generator: failed to stat &quot;/home/site/wwwroot/controllers\shop\address-controller.js&quot;: Invalid argument (22)
rsync: [generator] recv_generator: failed to stat &quot;/home/site/wwwroot/controllers\shop\cart-controller.js&quot;: Invalid argument (22)
rsync: [generator] recv_generator: failed to stat &quot;/home/site/wwwroot/controllers\shop\order-controller.js&quot;: Invalid argument (22)
rsync: [generator] recv_generator: failed to stat &quot;/home/site/wwwroot/controllers\shop\productreview-controller.js&quot;: Invalid argument (22)
rsync: [generator] recv_generator: failed to stat &quot;/home/site/wwwroot/controllers\shop\products-controller.js&quot;: Invalid argument (22)
rsync: [generator] recv_generator: failed to stat &quot;/home/site/wwwroot/controllers\shop\search-controller.js&quot;: Invalid argument (22)
rsync: [generator] recv_generator: failed to stat &quot;/home/site/wwwroot/helpers\cloudinary.js&quot;: Invalid argument (22)
rsync: [generator] recv_generator: failed to stat &quot;/home/site/wwwroot/helpers\paypal.js&quot;: Invalid argument (22)
rsync: [generator] recv_generator: failed to stat &quot;/home/site/wwwroot/middleware\notification-middleware.js&quot;: Invalid argument (22)
rsync: [generator] recv_generator: failed to stat &quot;/home/site/wwwroot/models\Address.js&quot;: Invalid argument (22)
rsync: [generator] recv_generator: failed to stat &quot;/home/site/wwwroot/models\Cart.js&quot;: Invalid argument (22)
rsync: [generator] recv_generator: failed to stat &quot;/home/site/wwwroot/models\Order.js&quot;: Invalid argument (22)
rsync: [generator] recv_generator: failed to stat &quot;/home/site/wwwroot/models\Review.js&quot;: Invalid argument (22)
rsync: [generator] recv_generator: failed to stat &quot;/home/site/wwwroot/models\features.js&quot;: Invalid argument (22)
rsync: [generator] recv_generator: failed to stat &quot;/home/site/wwwroot/models\product.js&quot;: Invalid argument (22)
rsync: [generator] recv_generator: failed to stat &quot;/home/site/wwwroot/models\user.js&quot;: Invalid argument (22)
rsync: [generator] recv_generator: failed to stat &quot;/home/site/wwwroot/newest-logs\LogFiles\2025_10_25_lw0sdlwk0000NB_default_docker.log&quot;: Invalid argument (22)
rsync: [generator] recv_generator: failed to stat &quot;/home/site/wwwroot/newest-logs\LogFiles\2025_10_25_lw0sdlwk0000NB_default_scm_docker.log&quot;: Invalid argument (22)
rsync: [generator] recv_generator: failed to stat &quot;/home/site/wwwroot/newest-logs\LogFiles\2025_10_25_lw0sdlwk0000NB_docker.log&quot;: Invalid argument (22)
rsync: [generator] recv_generator: failed to stat &quot;/home/site/wwwroot/newest-logs\LogFiles\2025_10_25_lw0sdlwk0000NB_msi_docker.log&quot;: Invalid argument (22)
rsync: [generator] recv_generator: failed to stat &quot;/home/site/wwwroot/newest-logs\LogFiles\kudu\deployment\3329015a7f21-9b740626-c984-4b62-aa65-90ea01fbae22.txt&quot;: Invalid argument (22)
rsync: [generator] recv_generator: failed to stat &quot;/home/site/wwwroot/newest-logs\LogFiles\kudu\deployment\4e6ac74cce0e-b02072d0-427b-4f93-8c35-7f5a7c66a5da.txt&quot;: Invalid argument (22)
rsync: [generator] recv_generator: failed to stat &quot;/home/site/wwwroot/newest-logs\LogFiles\kudu\deployment\4e6ac74cce0e-c604675c-b4fe-4ab8-b11e-18851d7eaac0.txt&quot;: Invalid argument (22)
rsync: [generator] recv_generator: failed to stat &quot;/home/site/wwwroot/newest-logs\LogFiles\kudu\deployment\80971621cf29-aac6f295-c660-4936-af14-4b65691acf04.txt&quot;: Invalid argument (22)
rsync: [generator] recv_generator: failed to stat &quot;/home/site/wwwroot/newest-logs\LogFiles\kudu\deployment\fdac589fc224-02826ba9-6f0b-4f6b-88ef-156fe9c13c5c.txt&quot;: Invalid argument (22)
rsync: [generator] recv_generator: failed to stat &quot;/home/site/wwwroot/newest-logs\LogFiles\kudu\deployment\fdac589fc224-4e138973-b3be-4a1f-b039-2406c5cb91ba.txt&quot;: Invalid argument (22)
rsync: [generator] recv_generator: failed to stat &quot;/home/site/wwwroot/newest-logs\LogFiles\kudu\trace\00b87fff5828-fedaed3b-98b2-400e-92a7-a496c66b59dc.txt&quot;: Invalid argument (22)
rsync: [generator] recv_generator: failed to stat &quot;/home/site/wwwroot/newest-logs\LogFiles\kudu\trace\19d0e602cfe0-36539b6a-e2a1-4698-a409-aaec2914b82d.txt&quot;: Invalid argument (22)
rsync: [generator] recv_generator: failed to stat &quot;/home/site/wwwroot/newest-logs\LogFiles\kudu\trace\2025-10-25T18-08-42_504896_001_Startup_POST_api-zipdeploy_0s.xml&quot;: Invalid argument (22)
rsync: [generator] recv_generator: failed to stat &quot;/home/site/wwwroot/newest-logs\LogFiles\kudu\trace\2025-10-25T18-08-42_504896_002_POST_api-zipdeploy_202_1s.xml&quot;: Invalid argument (22)
rsync: [generator] recv_generator: failed to stat &quot;/home/site/wwwroot/newest-logs\LogFiles\kudu\trace\2025-10-25T18-08-43_504896_003_Background_POST_api-zipdeploy_pending.xml&quot;: Invalid argument (22)
rsync: [generator] recv_generator: failed to stat &quot;/home/site/wwwroot/newest-logs\LogFiles\kudu\trace\2025-10-25T18-08-49_504896_004_GET_api-deployments-latest_202_0s.xml&quot;: Invalid argument (22)
rsync: [generator] recv_generator: failed to stat &quot;/home/site/wwwroot/newest-logs\LogFiles\kudu\trace\2025-10-25T18-08-50_504896_005_GET_api-deployments-badfda42-e359-4870-8446-d1543d72aa88_200_0s.xml&quot;: Invalid argument (22)
rsync: [generator] recv_generator: failed to stat &quot;/home/site/wwwroot/newest-logs\LogFiles\kudu\trace\2025-10-25T18-09-07_504896_006_GET_api-deployments-badfda42-e359-4870-8446-d1543d72aa88_200_1s.xml&quot;: Invalid argument (22)
rsync: [generator] recv_generator: failed to stat &quot;/home/site/wwwroot/newest-logs\LogFiles\kudu\trace\2025-10-25T18-09-23_504896_007_GET_api-deployments-badfda42-e359-4870-8446-d1543d72aa88_200_0s.xml&quot;: Invalid argument (22)
rsync: [generator] recv_generator: failed to stat &quot;/home/site/wwwroot/newest-logs\LogFiles\kudu\trace\2025-10-25T18-09-39_504896_008_GET_api-deployments-badfda42-e359-4870-8446-d1543d72aa88_200_0s.xml&quot;: Invalid argument (22)
rsync: [generator] recv_generator: failed to stat &quot;/home/site/wwwroot/newest-logs\LogFiles\kudu\trace\2025-10-25T18-09-55_504896_009_GET_api-deployments-badfda42-e359-4870-8446-d1543d72aa88_200_0s.xml&quot;: Invalid argument (22)
rsync: [generator] recv_generator: failed to stat &quot;/home/site/wwwroot/newest-logs\LogFiles\kudu\trace\2025-10-25T18-10-11_504896_010_GET_api-deployments-badfda42-e359-4870-8446-d1543d72aa88_200_0s.xml&quot;: Invalid argument (22)
rsync: [generator] recv_generator: failed to stat &quot;/home/site/wwwroot/newest-logs\LogFiles\kudu\trace\2025-10-25T18-10-26_504896_011_GET_api-deployments-badfda42-e359-4870-8446-d1543d72aa88_200_1s.xml&quot;: Invalid argument (22)
rsync: [generator] recv_generator: failed to stat &quot;/home/site/wwwroot/newest-logs\LogFiles\kudu\trace\2025-10-25T18-10-44_504896_012_GET_api-deployments-badfda42-e359-4870-8446-d1543d72aa88_200_1s.xml&quot;: Invalid argument (22)
rsync: [generator] recv_generator: failed to stat &quot;/home/site/wwwroot/newest-logs\LogFiles\kudu\trace\2025-10-25T18-11-00_504896_013_GET_api-deployments-badfda42-e359-4870-8446-d1543d72aa88_200_1s.xml&quot;: Invalid argument (22)
rsync: [generator] recv_generator: failed to stat &quot;/home/site/wwwroot/newest-logs\LogFiles\kudu\trace\2025-10-25T18-11-16_504896_014_GET_api-deployments-badfda42-e359-4870-8446-d1543d72aa88_200_1s.xml&quot;: Invalid argument (22)
rsync: [generator] recv_generator: failed to stat &quot;/home/site/wwwroot/newest-logs\LogFiles\kudu\trace\2025-10-25T18-11-33_504896_015_GET_api-deployments-badfda42-e359-4870-8446-d1543d72aa88_200_1s.xml&quot;: Invalid argument (22)
rsync: [generator] recv_generator: failed to stat &quot;/home/site/wwwroot/newest-logs\LogFiles\kudu\trace\2025-10-25T18-11-48_504896_016_GET_api-deployments-badfda42-e359-4870-8446-d1543d72aa88_200_0s.xml&quot;: Invalid argument (22)
rsync: [generator] recv_generator: failed to stat &quot;/home/site/wwwroot/newest-logs\LogFiles\kudu\trace\2025-10-25T18-12-04_504896_017_GET_api-deployments-badfda42-e359-4870-8446-d1543d72aa88_200_1s.xml&quot;: Invalid argument (22)
rsync: [generator] recv_generator: failed to stat &quot;/home/site/wwwroot/newest-logs\LogFiles\kudu\trace\2025-10-25T18-12-20_504896_018_GET_api-deployments-badfda42-e359-4870-8446-d1543d72aa88_200_1s.xml&quot;: Invalid argument (22)
rsync: [generator] recv_generator: failed to stat &quot;/home/site/wwwroot/newest-logs\LogFiles\kudu\trace\2025-10-25T18-12-37_504896_019_GET_api-deployments-badfda42-e359-4870-8446-d1543d72aa88_200_1s.xml&quot;: Invalid argument (22)
rsync: [generator] recv_generator: failed to stat &quot;/home/site/wwwroot/newest-logs\LogFiles\kudu\trace\2025-10-25T18-14-27_504896_021_GET_api-deployments-badfda42-e359-4870-8446-d1543d72aa88-log_200_0s.xml&quot;: Invalid argument (22)
rsync: [generator] recv_generator: failed to stat &quot;/home/site/wwwroot/newest-logs\LogFiles\kudu\trace\2025-10-25T18-15-22_504896_022_GET_dump_200_0s.xml&quot;: Invalid argument (22)
rsync: [generator] recv_generator: failed to stat &quot;/home/site/wwwroot/newest-logs\LogFiles\kudu\trace\2025-10-25T18-23-35_504896_023_GET_logstream_200_181s.xml&quot;: Invalid argument (22)
rsync: [generator] recv_generator: failed to stat &quot;/home/site/wwwroot/newest-logs\deployments\active&quot;: Invalid argument (22)
rsync: [generator] recv_generator: failed to stat &quot;/home/site/wwwroot/newest-logs\deployments\pending&quot;: Invalid argument (22)
rsync: [generator] recv_generator: failed to stat &quot;/home/site/wwwroot/newest-logs\deployments\tools\deploy.sh&quot;: Invalid argument (22)
rsync: [generator] recv_generator: failed to stat &quot;/home/site/wwwroot/newest-logs\deployments\tools\deploymentCacheKey&quot;: Invalid argument (22)
rsync: [generator] recv_generator: failed to stat &quot;/home/site/wwwroot/routes\admin\order-routes.js&quot;: Invalid argument (22)
rsync: [generator] recv_generator: failed to stat &quot;/home/site/wwwroot/routes\admin\products-routes.js&quot;: Invalid argument (22)
rsync: [generator] recv_generator: failed to stat &quot;/home/site/wwwroot/routes\auth\auth-routes.js&quot;: Invalid argument (22)
rsync: [generator] recv_generator: failed to stat &quot;/home/site/wwwroot/routes\common\feature-routes.js&quot;: Invalid argument (22)
rsync: [generator] recv_generator: failed to stat &quot;/home/site/wwwroot/routes\order-routes-with-iam.example.js&quot;: Invalid argument (22)
rsync: [generator] recv_generator: failed to stat &quot;/home/site/wwwroot/routes\shop\address-routes.js&quot;: Invalid argument (22)
rsync: [generator] recv_generator: failed to stat &quot;/home/site/wwwroot/routes\shop\cart-routes.js&quot;: Invalid argument (22)
rsync: [generator] recv_generator: failed to stat &quot;/home/site/wwwroot/routes\shop\order-routes.js&quot;: Invalid argument (22)
rsync: [generator] recv_generator: failed to stat &quot;/home/site/wwwroot/routes\shop\products-routes.js&quot;: Invalid argument (22)
rsync: [generator] recv_generator: failed to stat &quot;/home/site/wwwroot/routes\shop\review-routes.js&quot;: Invalid argument (22)
rsync: [generator] recv_generator: failed to stat &quot;/home/site/wwwroot/routes\shop\search-routes.js&quot;: Invalid argument (22)
rsync: [generator] recv_generator: mkdir &quot;/home/site/wwwroot/newest-logs\LogFiles\kudu\&quot; failed: Invalid argument (22)
*** Skipping any contents from this failed directory ***
rsync error: some files/attrs were not transferred (see previous errors) (code 23) at main.c(1338) [sender=3.2.7]
/bin/bash -c &quot;oryx build /tmp/zipdeploy/extracted -o /home/site/wwwroot --platform nodejs --platform-version 20 -p virtualenv_name= --log-file /tmp/build-debug.log  -i /tmp/8de14999941553e -p compress_node_modules=tar-gz | tee /tmp/oryx-build.log ; exit $PIPESTATUS &quot;" stackTrace="   at Kudu.Core.Infrastructure.Executable.ExecuteInternal(ITracer tracer, Func`2 onWriteOutput, Func`2 onWriteError, CancellationToken token, Encoding encoding, String arguments, Object[] args) in /tmp/KuduLite/Kudu.Core/Infrastructure/Executable.cs:line 239
   at Kudu.Core.Infrastructure.Executable.ExecuteWithProgressWriter(ILogger logger, ITracer tracer, CancellationToken token, String arguments, Object[] args) in /tmp/KuduLite/Kudu.Core/Infrastructure/Executable.cs:line 118
   at Kudu.Core.Deployment.Generator.ExternalCommandBuilder.RunCommand(DeploymentContext context, String command, Boolean ignoreManifest, CancellationToken token, String message) in /tmp/KuduLite/Kudu.Core/Deployment/Generator/ExternalCommandBuilder.cs:line 122" /><!-- duration: 15ms -->
              <step title="Error occurred" date="2025-10-26T14:13:27.657" type="error" text="npm warn deprecated q@1.5.1: You or someone you depend on is using Q, the JavaScript Promise library that gave JavaScript developers strong feelings about promises. They can almost certainly migrate to the native JavaScript promise now. Thank you literally everyone for joining me in this bet against the odds. Be excellent to each other.
npm warn deprecated
npm warn deprecated (For a CapTP with native promises, see @endo/eventual-send and @endo/captp)
npm warn deprecated paypal-rest-sdk@1.8.1: Package no longer supported. The author suggests using the @paypal/paypal-server-sdk package instead: https://www.npmjs.com/package/@paypal/paypal-server-sdk. Contact Support at https://www.npmjs.com/support for more info.
rsync: [generator] recv_generator: failed to stat &quot;/home/site/wwwroot/.github\workflows\azure-deploy.yml&quot;: Invalid argument (22)
rsync: [generator] recv_generator: failed to stat &quot;/home/site/wwwroot/config\app-insights.js&quot;: Invalid argument (22)
rsync: [generator] recv_generator: failed to stat &quot;/home/site/wwwroot/config\azure-ad-b2c.js&quot;: Invalid argument (22)
rsync: [generator] recv_generator: failed to stat &quot;/home/site/wwwroot/config\azure-communication.js&quot;: Invalid argument (22)
rsync: [generator] recv_generator: failed to stat &quot;/home/site/wwwroot/config\azure-keyvault.js&quot;: Invalid argument (22)
rsync: [generator] recv_generator: failed to stat &quot;/home/site/wwwroot/config\azure-notification-hub.js&quot;: Invalid argument (22)
rsync: [generator] recv_generator: failed to stat &quot;/home/site/wwwroot/config\azure-storage.js&quot;: Invalid argument (22)
rsync: [generator] recv_generator: failed to stat &quot;/home/site/wwwroot/config\filter-options.js&quot;: Invalid argument (22)
rsync: [generator] recv_generator: failed to stat &quot;/home/site/wwwroot/controllers\admin\order-controller.js&quot;: Invalid argument (22)
rsync: [generator] recv_generator: failed to stat &quot;/home/site/wwwroot/controllers\admin\products-controller.js&quot;: Invalid argument (22)
rsync: [generator] recv_generator: failed to stat &quot;/home/site/wwwroot/controllers\auth-controller.js&quot;: Invalid argument (22)
rsync: [generator] recv_generator: failed to stat &quot;/home/site/wwwroot/controllers\common\feature-controller.js&quot;: Invalid argument (22)
rsync: [generator] recv_generator: failed to stat &quot;/home/site/wwwroot/controllers\shop\address-controller.js&quot;: Invalid argument (22)
rsync: [generator] recv_generator: failed to stat &quot;/home/site/wwwroot/controllers\shop\cart-controller.js&quot;: Invalid argument (22)
rsync: [generator] recv_generator: failed to stat &quot;/home/site/wwwroot/controllers\shop\order-controller.js&quot;: Invalid argument (22)
rsync: [generator] recv_generator: failed to stat &quot;/home/site/wwwroot/controllers\shop\productreview-controller.js&quot;: Invalid argument (22)
rsync: [generator] recv_generator: failed to stat &quot;/home/site/wwwroot/controllers\shop\products-controller.js&quot;: Invalid argument (22)
rsync: [generator] recv_generator: failed to stat &quot;/home/site/wwwroot/controllers\shop\search-controller.js&quot;: Invalid argument (22)
rsync: [generator] recv_generator: failed to stat &quot;/home/site/wwwroot/helpers\cloudinary.js&quot;: Invalid argument (22)
rsync: [generator] recv_generator: failed to stat &quot;/home/site/wwwroot/helpers\paypal.js&quot;: Invalid argument (22)
rsync: [generator] recv_generator: failed to stat &quot;/home/site/wwwroot/middleware\notification-middleware.js&quot;: Invalid argument (22)
rsync: [generator] recv_generator: failed to stat &quot;/home/site/wwwroot/models\Address.js&quot;: Invalid argument (22)
rsync: [generator] recv_generator: failed to stat &quot;/home/site/wwwroot/models\Cart.js&quot;: Invalid argument (22)
rsync: [generator] recv_generator: failed to stat &quot;/home/site/wwwroot/models\Order.js&quot;: Invalid argument (22)
rsync: [generator] recv_generator: failed to stat &quot;/home/site/wwwroot/models\Review.js&quot;: Invalid argument (22)
rsync: [generator] recv_generator: failed to stat &quot;/home/site/wwwroot/models\features.js&quot;: Invalid argument (22)
rsync: [generator] recv_generator: failed to stat &quot;/home/site/wwwroot/models\product.js&quot;: Invalid argument (22)
rsync: [generator] recv_generator: failed to stat &quot;/home/site/wwwroot/models\user.js&quot;: Invalid argument (22)
rsync: [generator] recv_generator: failed to stat &quot;/home/site/wwwroot/newest-logs\LogFiles\2025_10_25_lw0sdlwk0000NB_default_docker.log&quot;: Invalid argument (22)
rsync: [generator] recv_generator: failed to stat &quot;/home/site/wwwroot/newest-logs\LogFiles\2025_10_25_lw0sdlwk0000NB_default_scm_docker.log&quot;: Invalid argument (22)
rsync: [generator] recv_generator: failed to stat &quot;/home/site/wwwroot/newest-logs\LogFiles\2025_10_25_lw0sdlwk0000NB_docker.log&quot;: Invalid argument (22)
rsync: [generator] recv_generator: failed to stat &quot;/home/site/wwwroot/newest-logs\LogFiles\2025_10_25_lw0sdlwk0000NB_msi_docker.log&quot;: Invalid argument (22)
rsync: [generator] recv_generator: failed to stat &quot;/home/site/wwwroot/newest-logs\LogFiles\kudu\deployment\3329015a7f21-9b740626-c984-4b62-aa65-90ea01fbae22.txt&quot;: Invalid argument (22)
rsync: [generator] recv_generator: failed to stat &quot;/home/site/wwwroot/newest-logs\LogFiles\kudu\deployment\4e6ac74cce0e-b02072d0-427b-4f93-8c35-7f5a7c66a5da.txt&quot;: Invalid argument (22)
rsync: [generator] recv_generator: failed to stat &quot;/home/site/wwwroot/newest-logs\LogFiles\kudu\deployment\4e6ac74cce0e-c604675c-b4fe-4ab8-b11e-18851d7eaac0.txt&quot;: Invalid argument (22)
rsync: [generator] recv_generator: failed to stat &quot;/home/site/wwwroot/newest-logs\LogFiles\kudu\deployment\80971621cf29-aac6f295-c660-4936-af14-4b65691acf04.txt&quot;: Invalid argument (22)
rsync: [generator] recv_generator: failed to stat &quot;/home/site/wwwroot/newest-logs\LogFiles\kudu\deployment\fdac589fc224-02826ba9-6f0b-4f6b-88ef-156fe9c13c5c.txt&quot;: Invalid argument (22)
rsync: [generator] recv_generator: failed to stat &quot;/home/site/wwwroot/newest-logs\LogFiles\kudu\deployment\fdac589fc224-4e138973-b3be-4a1f-b039-2406c5cb91ba.txt&quot;: Invalid argument (22)
rsync: [generator] recv_generator: failed to stat &quot;/home/site/wwwroot/newest-logs\LogFiles\kudu\trace\00b87fff5828-fedaed3b-98b2-400e-92a7-a496c66b59dc.txt&quot;: Invalid argument (22)
rsync: [generator] recv_generator: failed to stat &quot;/home/site/wwwroot/newest-logs\LogFiles\kudu\trace\19d0e602cfe0-36539b6a-e2a1-4698-a409-aaec2914b82d.txt&quot;: Invalid argument (22)
rsync: [generator] recv_generator: failed to stat &quot;/home/site/wwwroot/newest-logs\LogFiles\kudu\trace\2025-10-25T18-08-42_504896_001_Startup_POST_api-zipdeploy_0s.xml&quot;: Invalid argument (22)
rsync: [generator] recv_generator: failed to stat &quot;/home/site/wwwroot/newest-logs\LogFiles\kudu\trace\2025-10-25T18-08-42_504896_002_POST_api-zipdeploy_202_1s.xml&quot;: Invalid argument (22)
rsync: [generator] recv_generator: failed to stat &quot;/home/site/wwwroot/newest-logs\LogFiles\kudu\trace\2025-10-25T18-08-43_504896_003_Background_POST_api-zipdeploy_pending.xml&quot;: Invalid argument (22)
rsync: [generator] recv_generator: failed to stat &quot;/home/site/wwwroot/newest-logs\LogFiles\kudu\trace\2025-10-25T18-08-49_504896_004_GET_api-deployments-latest_202_0s.xml&quot;: Invalid argument (22)
rsync: [generator] recv_generator: failed to stat &quot;/home/site/wwwroot/newest-logs\LogFiles\kudu\trace\2025-10-25T18-08-50_504896_005_GET_api-deployments-badfda42-e359-4870-8446-d1543d72aa88_200_0s.xml&quot;: Invalid argument (22)
rsync: [generator] recv_generator: failed to stat &quot;/home/site/wwwroot/newest-logs\LogFiles\kudu\trace\2025-10-25T18-09-07_504896_006_GET_api-deployments-badfda42-e359-4870-8446-d1543d72aa88_200_1s.xml&quot;: Invalid argument (22)
rsync: [generator] recv_generator: failed to stat &quot;/home/site/wwwroot/newest-logs\LogFiles\kudu\trace\2025-10-25T18-09-23_504896_007_GET_api-deployments-badfda42-e359-4870-8446-d1543d72aa88_200_0s.xml&quot;: Invalid argument (22)
rsync: [generator] recv_generator: failed to stat &quot;/home/site/wwwroot/newest-logs\LogFiles\kudu\trace\2025-10-25T18-09-39_504896_008_GET_api-deployments-badfda42-e359-4870-8446-d1543d72aa88_200_0s.xml&quot;: Invalid argument (22)
rsync: [generator] recv_generator: failed to stat &quot;/home/site/wwwroot/newest-logs\LogFiles\kudu\trace\2025-10-25T18-09-55_504896_009_GET_api-deployments-badfda42-e359-4870-8446-d1543d72aa88_200_0s.xml&quot;: Invalid argument (22)
rsync: [generator] recv_generator: failed to stat &quot;/home/site/wwwroot/newest-logs\LogFiles\kudu\trace\2025-10-25T18-10-11_504896_010_GET_api-deployments-badfda42-e359-4870-8446-d1543d72aa88_200_0s.xml&quot;: Invalid argument (22)
rsync: [generator] recv_generator: failed to stat &quot;/home/site/wwwroot/newest-logs\LogFiles\kudu\trace\2025-10-25T18-10-26_504896_011_GET_api-deployments-badfda42-e359-4870-8446-d1543d72aa88_200_1s.xml&quot;: Invalid argument (22)
rsync: [generator] recv_generator: failed to stat &quot;/home/site/wwwroot/newest-logs\LogFiles\kudu\trace\2025-10-25T18-10-44_504896_012_GET_api-deployments-badfda42-e359-4870-8446-d1543d72aa88_200_1s.xml&quot;: Invalid argument (22)
rsync: [generator] recv_generator: failed to stat &quot;/home/site/wwwroot/newest-logs\LogFiles\kudu\trace\2025-10-25T18-11-00_504896_013_GET_api-deployments-badfda42-e359-4870-8446-d1543d72aa88_200_1s.xml&quot;: Invalid argument (22)
rsync: [generator] recv_generator: failed to stat &quot;/home/site/wwwroot/newest-logs\LogFiles\kudu\trace\2025-10-25T18-11-16_504896_014_GET_api-deployments-badfda42-e359-4870-8446-d1543d72aa88_200_1s.xml&quot;: Invalid argument (22)
rsync: [generator] recv_generator: failed to stat &quot;/home/site/wwwroot/newest-logs\LogFiles\kudu\trace\2025-10-25T18-11-33_504896_015_GET_api-deployments-badfda42-e359-4870-8446-d1543d72aa88_200_1s.xml&quot;: Invalid argument (22)
rsync: [generator] recv_generator: failed to stat &quot;/home/site/wwwroot/newest-logs\LogFiles\kudu\trace\2025-10-25T18-11-48_504896_016_GET_api-deployments-badfda42-e359-4870-8446-d1543d72aa88_200_0s.xml&quot;: Invalid argument (22)
rsync: [generator] recv_generator: failed to stat &quot;/home/site/wwwroot/newest-logs\LogFiles\kudu\trace\2025-10-25T18-12-04_504896_017_GET_api-deployments-badfda42-e359-4870-8446-d1543d72aa88_200_1s.xml&quot;: Invalid argument (22)
rsync: [generator] recv_generator: failed to stat &quot;/home/site/wwwroot/newest-logs\LogFiles\kudu\trace\2025-10-25T18-12-20_504896_018_GET_api-deployments-badfda42-e359-4870-8446-d1543d72aa88_200_1s.xml&quot;: Invalid argument (22)
rsync: [generator] recv_generator: failed to stat &quot;/home/site/wwwroot/newest-logs\LogFiles\kudu\trace\2025-10-25T18-12-37_504896_019_GET_api-deployments-badfda42-e359-4870-8446-d1543d72aa88_200_1s.xml&quot;: Invalid argument (22)
rsync: [generator] recv_generator: failed to stat &quot;/home/site/wwwroot/newest-logs\LogFiles\kudu\trace\2025-10-25T18-14-27_504896_021_GET_api-deployments-badfda42-e359-4870-8446-d1543d72aa88-log_200_0s.xml&quot;: Invalid argument (22)
rsync: [generator] recv_generator: failed to stat &quot;/home/site/wwwroot/newest-logs\LogFiles\kudu\trace\2025-10-25T18-15-22_504896_022_GET_dump_200_0s.xml&quot;: Invalid argument (22)
rsync: [generator] recv_generator: failed to stat &quot;/home/site/wwwroot/newest-logs\LogFiles\kudu\trace\2025-10-25T18-23-35_504896_023_GET_logstream_200_181s.xml&quot;: Invalid argument (22)
rsync: [generator] recv_generator: failed to stat &quot;/home/site/wwwroot/newest-logs\deployments\active&quot;: Invalid argument (22)
rsync: [generator] recv_generator: failed to stat &quot;/home/site/wwwroot/newest-logs\deployments\pending&quot;: Invalid argument (22)
rsync: [generator] recv_generator: failed to stat &quot;/home/site/wwwroot/newest-logs\deployments\tools\deploy.sh&quot;: Invalid argument (22)
rsync: [generator] recv_generator: failed to stat &quot;/home/site/wwwroot/newest-logs\deployments\tools\deploymentCacheKey&quot;: Invalid argument (22)
rsync: [generator] recv_generator: failed to stat &quot;/home/site/wwwroot/routes\admin\order-routes.js&quot;: Invalid argument (22)
rsync: [generator] recv_generator: failed to stat &quot;/home/site/wwwroot/routes\admin\products-routes.js&quot;: Invalid argument (22)
rsync: [generator] recv_generator: failed to stat &quot;/home/site/wwwroot/routes\auth\auth-routes.js&quot;: Invalid argument (22)
rsync: [generator] recv_generator: failed to stat &quot;/home/site/wwwroot/routes\common\feature-routes.js&quot;: Invalid argument (22)
rsync: [generator] recv_generator: failed to stat &quot;/home/site/wwwroot/routes\order-routes-with-iam.example.js&quot;: Invalid argument (22)
rsync: [generator] recv_generator: failed to stat &quot;/home/site/wwwroot/routes\shop\address-routes.js&quot;: Invalid argument (22)
rsync: [generator] recv_generator: failed to stat &quot;/home/site/wwwroot/routes\shop\cart-routes.js&quot;: Invalid argument (22)
rsync: [generator] recv_generator: failed to stat &quot;/home/site/wwwroot/routes\shop\order-routes.js&quot;: Invalid argument (22)
rsync: [generator] recv_generator: failed to stat &quot;/home/site/wwwroot/routes\shop\products-routes.js&quot;: Invalid argument (22)
rsync: [generator] recv_generator: failed to stat &quot;/home/site/wwwroot/routes\shop\review-routes.js&quot;: Invalid argument (22)
rsync: [generator] recv_generator: failed to stat &quot;/home/site/wwwroot/routes\shop\search-routes.js&quot;: Invalid argument (22)
rsync: [generator] recv_generator: mkdir &quot;/home/site/wwwroot/newest-logs\LogFiles\kudu\&quot; failed: Invalid argument (22)
*** Skipping any contents from this failed directory ***
rsync error: some files/attrs were not transferred (see previous errors) (code 23) at main.c(1338) [sender=3.2.7]
/bin/bash -c &quot;oryx build /tmp/zipdeploy/extracted -o /home/site/wwwroot --platform nodejs --platform-version 20 -p virtualenv_name= --log-file /tmp/build-debug.log  -i /tmp/8de14999941553e -p compress_node_modules=tar-gz | tee /tmp/oryx-build.log ; exit $PIPESTATUS &quot;" stackTrace="   at Kudu.Core.Infrastructure.Executable.ExecuteInternal(ITracer tracer, Func`2 onWriteOutput, Func`2 onWriteError, CancellationToken token, Encoding encoding, String arguments, Object[] args) in /tmp/KuduLite/Kudu.Core/Infrastructure/Executable.cs:line 239
   at Kudu.Core.Infrastructure.Executable.ExecuteWithProgressWriter(ILogger logger, ITracer tracer, CancellationToken token, String arguments, Object[] args) in /tmp/KuduLite/Kudu.Core/Infrastructure/Executable.cs:line 118
   at Kudu.Core.Deployment.Generator.ExternalCommandBuilder.RunCommand(DeploymentContext context, String command, Boolean ignoreManifest, CancellationToken token, String message) in /tmp/KuduLite/Kudu.Core/Deployment/Generator/ExternalCommandBuilder.cs:line 122
   at Kudu.Core.Deployment.Generator.OryxBuilder.RunBuildCommand(IOryxArguments args, DeploymentContext context, CancellationToken token) in /tmp/KuduLite/Kudu.Core/Deployment/Generator/OryxBuilder.cs:line 295
   at Kudu.Core.Deployment.Generator.OryxBuilder.Build(DeploymentContext context, CancellationToken token) in /tmp/KuduLite/Kudu.Core/Deployment/Generator/OryxBuilder.cs:line 136
   at Kudu.Core.Deployment.DeploymentManager.Build(ChangeSet changeSet, ITracer tracer, IDisposable deployStep, IRepository repository, DeploymentInfoBase deploymentInfo, DeploymentAnalytics deploymentAnalytics, Boolean fullBuildByDefault, CancellationToken cancellationToken) in /tmp/KuduLite/Kudu.Core/Deployment/DeploymentManager.cs:line 771" /><!-- duration: 19ms -->
              <step title="Using GenericDeploymentLogParser" date="2025-10-26T14:13:28.123" /><!-- duration: 13ms -->
            </step><!-- duration: 102965ms -->
          </step><!-- duration: 103223ms -->
          <step title="Error occurred" date="2025-10-26T14:13:30.165" type="error" text="npm warn deprecated q@1.5.1: You or someone you depend on is using Q, the JavaScript Promise library that gave JavaScript developers strong feelings about promises. They can almost certainly migrate to the native JavaScript promise now. Thank you literally everyone for joining me in this bet against the odds. Be excellent to each other.
npm warn deprecated
npm warn deprecated (For a CapTP with native promises, see @endo/eventual-send and @endo/captp)
npm warn deprecated paypal-rest-sdk@1.8.1: Package no longer supported. The author suggests using the @paypal/paypal-server-sdk package instead: https://www.npmjs.com/package/@paypal/paypal-server-sdk. Contact Support at https://www.npmjs.com/support for more info.
rsync: [generator] recv_generator: failed to stat &quot;/home/site/wwwroot/.github\workflows\azure-deploy.yml&quot;: Invalid argument (22)
rsync: [generator] recv_generator: failed to stat &quot;/home/site/wwwroot/config\app-insights.js&quot;: Invalid argument (22)
rsync: [generator] recv_generator: failed to stat &quot;/home/site/wwwroot/config\azure-ad-b2c.js&quot;: Invalid argument (22)
rsync: [generator] recv_generator: failed to stat &quot;/home/site/wwwroot/config\azure-communication.js&quot;: Invalid argument (22)
rsync: [generator] recv_generator: failed to stat &quot;/home/site/wwwroot/config\azure-keyvault.js&quot;: Invalid argument (22)
rsync: [generator] recv_generator: failed to stat &quot;/home/site/wwwroot/config\azure-notification-hub.js&quot;: Invalid argument (22)
rsync: [generator] recv_generator: failed to stat &quot;/home/site/wwwroot/config\azure-storage.js&quot;: Invalid argument (22)
rsync: [generator] recv_generator: failed to stat &quot;/home/site/wwwroot/config\filter-options.js&quot;: Invalid argument (22)
rsync: [generator] recv_generator: failed to stat &quot;/home/site/wwwroot/controllers\admin\order-controller.js&quot;: Invalid argument (22)
rsync: [generator] recv_generator: failed to stat &quot;/home/site/wwwroot/controllers\admin\products-controller.js&quot;: Invalid argument (22)
rsync: [generator] recv_generator: failed to stat &quot;/home/site/wwwroot/controllers\auth-controller.js&quot;: Invalid argument (22)
rsync: [generator] recv_generator: failed to stat &quot;/home/site/wwwroot/controllers\common\feature-controller.js&quot;: Invalid argument (22)
rsync: [generator] recv_generator: failed to stat &quot;/home/site/wwwroot/controllers\shop\address-controller.js&quot;: Invalid argument (22)
rsync: [generator] recv_generator: failed to stat &quot;/home/site/wwwroot/controllers\shop\cart-controller.js&quot;: Invalid argument (22)
rsync: [generator] recv_generator: failed to stat &quot;/home/site/wwwroot/controllers\shop\order-controller.js&quot;: Invalid argument (22)
rsync: [generator] recv_generator: failed to stat &quot;/home/site/wwwroot/controllers\shop\productreview-controller.js&quot;: Invalid argument (22)
rsync: [generator] recv_generator: failed to stat &quot;/home/site/wwwroot/controllers\shop\products-controller.js&quot;: Invalid argument (22)
rsync: [generator] recv_generator: failed to stat &quot;/home/site/wwwroot/controllers\shop\search-controller.js&quot;: Invalid argument (22)
rsync: [generator] recv_generator: failed to stat &quot;/home/site/wwwroot/helpers\cloudinary.js&quot;: Invalid argument (22)
rsync: [generator] recv_generator: failed to stat &quot;/home/site/wwwroot/helpers\paypal.js&quot;: Invalid argument (22)
rsync: [generator] recv_generator: failed to stat &quot;/home/site/wwwroot/middleware\notification-middleware.js&quot;: Invalid argument (22)
rsync: [generator] recv_generator: failed to stat &quot;/home/site/wwwroot/models\Address.js&quot;: Invalid argument (22)
rsync: [generator] recv_generator: failed to stat &quot;/home/site/wwwroot/models\Cart.js&quot;: Invalid argument (22)
rsync: [generator] recv_generator: failed to stat &quot;/home/site/wwwroot/models\Order.js&quot;: Invalid argument (22)
rsync: [generator] recv_generator: failed to stat &quot;/home/site/wwwroot/models\Review.js&quot;: Invalid argument (22)
rsync: [generator] recv_generator: failed to stat &quot;/home/site/wwwroot/models\features.js&quot;: Invalid argument (22)
rsync: [generator] recv_generator: failed to stat &quot;/home/site/wwwroot/models\product.js&quot;: Invalid argument (22)
rsync: [generator] recv_generator: failed to stat &quot;/home/site/wwwroot/models\user.js&quot;: Invalid argument (22)
rsync: [generator] recv_generator: failed to stat &quot;/home/site/wwwroot/newest-logs\LogFiles\2025_10_25_lw0sdlwk0000NB_default_docker.log&quot;: Invalid argument (22)
rsync: [generator] recv_generator: failed to stat &quot;/home/site/wwwroot/newest-logs\LogFiles\2025_10_25_lw0sdlwk0000NB_default_scm_docker.log&quot;: Invalid argument (22)
rsync: [generator] recv_generator: failed to stat &quot;/home/site/wwwroot/newest-logs\LogFiles\2025_10_25_lw0sdlwk0000NB_docker.log&quot;: Invalid argument (22)
rsync: [generator] recv_generator: failed to stat &quot;/home/site/wwwroot/newest-logs\LogFiles\2025_10_25_lw0sdlwk0000NB_msi_docker.log&quot;: Invalid argument (22)
rsync: [generator] recv_generator: failed to stat &quot;/home/site/wwwroot/newest-logs\LogFiles\kudu\deployment\3329015a7f21-9b740626-c984-4b62-aa65-90ea01fbae22.txt&quot;: Invalid argument (22)
rsync: [generator] recv_generator: failed to stat &quot;/home/site/wwwroot/newest-logs\LogFiles\kudu\deployment\4e6ac74cce0e-b02072d0-427b-4f93-8c35-7f5a7c66a5da.txt&quot;: Invalid argument (22)
rsync: [generator] recv_generator: failed to stat &quot;/home/site/wwwroot/newest-logs\LogFiles\kudu\deployment\4e6ac74cce0e-c604675c-b4fe-4ab8-b11e-18851d7eaac0.txt&quot;: Invalid argument (22)
rsync: [generator] recv_generator: failed to stat &quot;/home/site/wwwroot/newest-logs\LogFiles\kudu\deployment\80971621cf29-aac6f295-c660-4936-af14-4b65691acf04.txt&quot;: Invalid argument (22)
rsync: [generator] recv_generator: failed to stat &quot;/home/site/wwwroot/newest-logs\LogFiles\kudu\deployment\fdac589fc224-02826ba9-6f0b-4f6b-88ef-156fe9c13c5c.txt&quot;: Invalid argument (22)
rsync: [generator] recv_generator: failed to stat &quot;/home/site/wwwroot/newest-logs\LogFiles\kudu\deployment\fdac589fc224-4e138973-b3be-4a1f-b039-2406c5cb91ba.txt&quot;: Invalid argument (22)
rsync: [generator] recv_generator: failed to stat &quot;/home/site/wwwroot/newest-logs\LogFiles\kudu\trace\00b87fff5828-fedaed3b-98b2-400e-92a7-a496c66b59dc.txt&quot;: Invalid argument (22)
rsync: [generator] recv_generator: failed to stat &quot;/home/site/wwwroot/newest-logs\LogFiles\kudu\trace\19d0e602cfe0-36539b6a-e2a1-4698-a409-aaec2914b82d.txt&quot;: Invalid argument (22)
rsync: [generator] recv_generator: failed to stat &quot;/home/site/wwwroot/newest-logs\LogFiles\kudu\trace\2025-10-25T18-08-42_504896_001_Startup_POST_api-zipdeploy_0s.xml&quot;: Invalid argument (22)
rsync: [generator] recv_generator: failed to stat &quot;/home/site/wwwroot/newest-logs\LogFiles\kudu\trace\2025-10-25T18-08-42_504896_002_POST_api-zipdeploy_202_1s.xml&quot;: Invalid argument (22)
rsync: [generator] recv_generator: failed to stat &quot;/home/site/wwwroot/newest-logs\LogFiles\kudu\trace\2025-10-25T18-08-43_504896_003_Background_POST_api-zipdeploy_pending.xml&quot;: Invalid argument (22)
rsync: [generator] recv_generator: failed to stat &quot;/home/site/wwwroot/newest-logs\LogFiles\kudu\trace\2025-10-25T18-08-49_504896_004_GET_api-deployments-latest_202_0s.xml&quot;: Invalid argument (22)
rsync: [generator] recv_generator: failed to stat &quot;/home/site/wwwroot/newest-logs\LogFiles\kudu\trace\2025-10-25T18-08-50_504896_005_GET_api-deployments-badfda42-e359-4870-8446-d1543d72aa88_200_0s.xml&quot;: Invalid argument (22)
rsync: [generator] recv_generator: failed to stat &quot;/home/site/wwwroot/newest-logs\LogFiles\kudu\trace\2025-10-25T18-09-07_504896_006_GET_api-deployments-badfda42-e359-4870-8446-d1543d72aa88_200_1s.xml&quot;: Invalid argument (22)
rsync: [generator] recv_generator: failed to stat &quot;/home/site/wwwroot/newest-logs\LogFiles\kudu\trace\2025-10-25T18-09-23_504896_007_GET_api-deployments-badfda42-e359-4870-8446-d1543d72aa88_200_0s.xml&quot;: Invalid argument (22)
rsync: [generator] recv_generator: failed to stat &quot;/home/site/wwwroot/newest-logs\LogFiles\kudu\trace\2025-10-25T18-09-39_504896_008_GET_api-deployments-badfda42-e359-4870-8446-d1543d72aa88_200_0s.xml&quot;: Invalid argument (22)
rsync: [generator] recv_generator: failed to stat &quot;/home/site/wwwroot/newest-logs\LogFiles\kudu\trace\2025-10-25T18-09-55_504896_009_GET_api-deployments-badfda42-e359-4870-8446-d1543d72aa88_200_0s.xml&quot;: Invalid argument (22)
rsync: [generator] recv_generator: failed to stat &quot;/home/site/wwwroot/newest-logs\LogFiles\kudu\trace\2025-10-25T18-10-11_504896_010_GET_api-deployments-badfda42-e359-4870-8446-d1543d72aa88_200_0s.xml&quot;: Invalid argument (22)
rsync: [generator] recv_generator: failed to stat &quot;/home/site/wwwroot/newest-logs\LogFiles\kudu\trace\2025-10-25T18-10-26_504896_011_GET_api-deployments-badfda42-e359-4870-8446-d1543d72aa88_200_1s.xml&quot;: Invalid argument (22)
rsync: [generator] recv_generator: failed to stat &quot;/home/site/wwwroot/newest-logs\LogFiles\kudu\trace\2025-10-25T18-10-44_504896_012_GET_api-deployments-badfda42-e359-4870-8446-d1543d72aa88_200_1s.xml&quot;: Invalid argument (22)
rsync: [generator] recv_generator: failed to stat &quot;/home/site/wwwroot/newest-logs\LogFiles\kudu\trace\2025-10-25T18-11-00_504896_013_GET_api-deployments-badfda42-e359-4870-8446-d1543d72aa88_200_1s.xml&quot;: Invalid argument (22)
rsync: [generator] recv_generator: failed to stat &quot;/home/site/wwwroot/newest-logs\LogFiles\kudu\trace\2025-10-25T18-11-16_504896_014_GET_api-deployments-badfda42-e359-4870-8446-d1543d72aa88_200_1s.xml&quot;: Invalid argument (22)
rsync: [generator] recv_generator: failed to stat &quot;/home/site/wwwroot/newest-logs\LogFiles\kudu\trace\2025-10-25T18-11-33_504896_015_GET_api-deployments-badfda42-e359-4870-8446-d1543d72aa88_200_1s.xml&quot;: Invalid argument (22)
rsync: [generator] recv_generator: failed to stat &quot;/home/site/wwwroot/newest-logs\LogFiles\kudu\trace\2025-10-25T18-11-48_504896_016_GET_api-deployments-badfda42-e359-4870-8446-d1543d72aa88_200_0s.xml&quot;: Invalid argument (22)
rsync: [generator] recv_generator: failed to stat &quot;/home/site/wwwroot/newest-logs\LogFiles\kudu\trace\2025-10-25T18-12-04_504896_017_GET_api-deployments-badfda42-e359-4870-8446-d1543d72aa88_200_1s.xml&quot;: Invalid argument (22)
rsync: [generator] recv_generator: failed to stat &quot;/home/site/wwwroot/newest-logs\LogFiles\kudu\trace\2025-10-25T18-12-20_504896_018_GET_api-deployments-badfda42-e359-4870-8446-d1543d72aa88_200_1s.xml&quot;: Invalid argument (22)
rsync: [generator] recv_generator: failed to stat &quot;/home/site/wwwroot/newest-logs\LogFiles\kudu\trace\2025-10-25T18-12-37_504896_019_GET_api-deployments-badfda42-e359-4870-8446-d1543d72aa88_200_1s.xml&quot;: Invalid argument (22)
rsync: [generator] recv_generator: failed to stat &quot;/home/site/wwwroot/newest-logs\LogFiles\kudu\trace\2025-10-25T18-14-27_504896_021_GET_api-deployments-badfda42-e359-4870-8446-d1543d72aa88-log_200_0s.xml&quot;: Invalid argument (22)
rsync: [generator] recv_generator: failed to stat &quot;/home/site/wwwroot/newest-logs\LogFiles\kudu\trace\2025-10-25T18-15-22_504896_022_GET_dump_200_0s.xml&quot;: Invalid argument (22)
rsync: [generator] recv_generator: failed to stat &quot;/home/site/wwwroot/newest-logs\LogFiles\kudu\trace\2025-10-25T18-23-35_504896_023_GET_logstream_200_181s.xml&quot;: Invalid argument (22)
rsync: [generator] recv_generator: failed to stat &quot;/home/site/wwwroot/newest-logs\deployments\active&quot;: Invalid argument (22)
rsync: [generator] recv_generator: failed to stat &quot;/home/site/wwwroot/newest-logs\deployments\pending&quot;: Invalid argument (22)
rsync: [generator] recv_generator: failed to stat &quot;/home/site/wwwroot/newest-logs\deployments\tools\deploy.sh&quot;: Invalid argument (22)
rsync: [generator] recv_generator: failed to stat &quot;/home/site/wwwroot/newest-logs\deployments\tools\deploymentCacheKey&quot;: Invalid argument (22)
rsync: [generator] recv_generator: failed to stat &quot;/home/site/wwwroot/routes\admin\order-routes.js&quot;: Invalid argument (22)
rsync: [generator] recv_generator: failed to stat &quot;/home/site/wwwroot/routes\admin\products-routes.js&quot;: Invalid argument (22)
rsync: [generator] recv_generator: failed to stat &quot;/home/site/wwwroot/routes\auth\auth-routes.js&quot;: Invalid argument (22)
rsync: [generator] recv_generator: failed to stat &quot;/home/site/wwwroot/routes\common\feature-routes.js&quot;: Invalid argument (22)
rsync: [generator] recv_generator: failed to stat &quot;/home/site/wwwroot/routes\order-routes-with-iam.example.js&quot;: Invalid argument (22)
rsync: [generator] recv_generator: failed to stat &quot;/home/site/wwwroot/routes\shop\address-routes.js&quot;: Invalid argument (22)
rsync: [generator] recv_generator: failed to stat &quot;/home/site/wwwroot/routes\shop\cart-routes.js&quot;: Invalid argument (22)
rsync: [generator] recv_generator: failed to stat &quot;/home/site/wwwroot/routes\shop\order-routes.js&quot;: Invalid argument (22)
rsync: [generator] recv_generator: failed to stat &quot;/home/site/wwwroot/routes\shop\products-routes.js&quot;: Invalid argument (22)
rsync: [generator] recv_generator: failed to stat &quot;/home/site/wwwroot/routes\shop\review-routes.js&quot;: Invalid argument (22)
rsync: [generator] recv_generator: failed to stat &quot;/home/site/wwwroot/routes\shop\search-routes.js&quot;: Invalid argument (22)
rsync: [generator] recv_generator: mkdir &quot;/home/site/wwwroot/newest-logs\LogFiles\kudu\&quot; failed: Invalid argument (22)
*** Skipping any contents from this failed directory ***
rsync error: some files/attrs were not transferred (see previous errors) (code 23) at main.c(1338) [sender=3.2.7]
/bin/bash -c &quot;oryx build /tmp/zipdeploy/extracted -o /home/site/wwwroot --platform nodejs --platform-version 20 -p virtualenv_name= --log-file /tmp/build-debug.log  -i /tmp/8de14999941553e -p compress_node_modules=tar-gz | tee /tmp/oryx-build.log ; exit $PIPESTATUS &quot;" stackTrace="   at Kudu.Core.Infrastructure.Executable.ExecuteInternal(ITracer tracer, Func`2 onWriteOutput, Func`2 onWriteError, CancellationToken token, Encoding encoding, String arguments, Object[] args) in /tmp/KuduLite/Kudu.Core/Infrastructure/Executable.cs:line 239
   at Kudu.Core.Infrastructure.Executable.ExecuteWithProgressWriter(ILogger logger, ITracer tracer, CancellationToken token, String arguments, Object[] args) in /tmp/KuduLite/Kudu.Core/Infrastructure/Executable.cs:line 118
   at Kudu.Core.Deployment.Generator.ExternalCommandBuilder.RunCommand(DeploymentContext context, String command, Boolean ignoreManifest, CancellationToken token, String message) in /tmp/KuduLite/Kudu.Core/Deployment/Generator/ExternalCommandBuilder.cs:line 122
   at Kudu.Core.Deployment.Generator.OryxBuilder.RunBuildCommand(IOryxArguments args, DeploymentContext context, CancellationToken token) in /tmp/KuduLite/Kudu.Core/Deployment/Generator/OryxBuilder.cs:line 295
   at Kudu.Core.Deployment.Generator.OryxBuilder.Build(DeploymentContext context, CancellationToken token) in /tmp/KuduLite/Kudu.Core/Deployment/Generator/OryxBuilder.cs:line 136
   at Kudu.Core.Deployment.DeploymentManager.Build(ChangeSet changeSet, ITracer tracer, IDisposable deployStep, IRepository repository, DeploymentInfoBase deploymentInfo, DeploymentAnalytics deploymentAnalytics, Boolean fullBuildByDefault, CancellationToken cancellationToken) in /tmp/KuduLite/Kudu.Core/Deployment/DeploymentManager.cs:line 771
   at Kudu.Core.Deployment.DeploymentManager.Build(ChangeSet changeSet, ITracer tracer, IDisposable deployStep, IRepository repository, DeploymentInfoBase deploymentInfo, DeploymentAnalytics deploymentAnalytics, Boolean fullBuildByDefault, CancellationToken cancellationToken) in /tmp/KuduLite/Kudu.Core/Deployment/DeploymentManager.cs:line 840" /><!-- duration: 5ms -->
          <step title="Cleaning up temp files" date="2025-10-26T14:13:30.259" /><!-- duration: 2427ms -->
          <step title="Cleaning up temp files" date="2025-10-26T14:13:32.695" /><!-- duration: 511ms -->
          <step title="Error occurred" date="2025-10-26T14:13:33.239" type="error" text="npm warn deprecated q@1.5.1: You or someone you depend on is using Q, the JavaScript Promise library that gave JavaScript developers strong feelings about promises. They can almost certainly migrate to the native JavaScript promise now. Thank you literally everyone for joining me in this bet against the odds. Be excellent to each other.
npm warn deprecated
npm warn deprecated (For a CapTP with native promises, see @endo/eventual-send and @endo/captp)
npm warn deprecated paypal-rest-sdk@1.8.1: Package no longer supported. The author suggests using the @paypal/paypal-server-sdk package instead: https://www.npmjs.com/package/@paypal/paypal-server-sdk. Contact Support at https://www.npmjs.com/support for more info.
rsync: [generator] recv_generator: failed to stat &quot;/home/site/wwwroot/.github\workflows\azure-deploy.yml&quot;: Invalid argument (22)
rsync: [generator] recv_generator: failed to stat &quot;/home/site/wwwroot/config\app-insights.js&quot;: Invalid argument (22)
rsync: [generator] recv_generator: failed to stat &quot;/home/site/wwwroot/config\azure-ad-b2c.js&quot;: Invalid argument (22)
rsync: [generator] recv_generator: failed to stat &quot;/home/site/wwwroot/config\azure-communication.js&quot;: Invalid argument (22)
rsync: [generator] recv_generator: failed to stat &quot;/home/site/wwwroot/config\azure-keyvault.js&quot;: Invalid argument (22)
rsync: [generator] recv_generator: failed to stat &quot;/home/site/wwwroot/config\azure-notification-hub.js&quot;: Invalid argument (22)
rsync: [generator] recv_generator: failed to stat &quot;/home/site/wwwroot/config\azure-storage.js&quot;: Invalid argument (22)
rsync: [generator] recv_generator: failed to stat &quot;/home/site/wwwroot/config\filter-options.js&quot;: Invalid argument (22)
rsync: [generator] recv_generator: failed to stat &quot;/home/site/wwwroot/controllers\admin\order-controller.js&quot;: Invalid argument (22)
rsync: [generator] recv_generator: failed to stat &quot;/home/site/wwwroot/controllers\admin\products-controller.js&quot;: Invalid argument (22)
rsync: [generator] recv_generator: failed to stat &quot;/home/site/wwwroot/controllers\auth-controller.js&quot;: Invalid argument (22)
rsync: [generator] recv_generator: failed to stat &quot;/home/site/wwwroot/controllers\common\feature-controller.js&quot;: Invalid argument (22)
rsync: [generator] recv_generator: failed to stat &quot;/home/site/wwwroot/controllers\shop\address-controller.js&quot;: Invalid argument (22)
rsync: [generator] recv_generator: failed to stat &quot;/home/site/wwwroot/controllers\shop\cart-controller.js&quot;: Invalid argument (22)
rsync: [generator] recv_generator: failed to stat &quot;/home/site/wwwroot/controllers\shop\order-controller.js&quot;: Invalid argument (22)
rsync: [generator] recv_generator: failed to stat &quot;/home/site/wwwroot/controllers\shop\productreview-controller.js&quot;: Invalid argument (22)
rsync: [generator] recv_generator: failed to stat &quot;/home/site/wwwroot/controllers\shop\products-controller.js&quot;: Invalid argument (22)
rsync: [generator] recv_generator: failed to stat &quot;/home/site/wwwroot/controllers\shop\search-controller.js&quot;: Invalid argument (22)
rsync: [generator] recv_generator: failed to stat &quot;/home/site/wwwroot/helpers\cloudinary.js&quot;: Invalid argument (22)
rsync: [generator] recv_generator: failed to stat &quot;/home/site/wwwroot/helpers\paypal.js&quot;: Invalid argument (22)
rsync: [generator] recv_generator: failed to stat &quot;/home/site/wwwroot/middleware\notification-middleware.js&quot;: Invalid argument (22)
rsync: [generator] recv_generator: failed to stat &quot;/home/site/wwwroot/models\Address.js&quot;: Invalid argument (22)
rsync: [generator] recv_generator: failed to stat &quot;/home/site/wwwroot/models\Cart.js&quot;: Invalid argument (22)
rsync: [generator] recv_generator: failed to stat &quot;/home/site/wwwroot/models\Order.js&quot;: Invalid argument (22)
rsync: [generator] recv_generator: failed to stat &quot;/home/site/wwwroot/models\Review.js&quot;: Invalid argument (22)
rsync: [generator] recv_generator: failed to stat &quot;/home/site/wwwroot/models\features.js&quot;: Invalid argument (22)
rsync: [generator] recv_generator: failed to stat &quot;/home/site/wwwroot/models\product.js&quot;: Invalid argument (22)
rsync: [generator] recv_generator: failed to stat &quot;/home/site/wwwroot/models\user.js&quot;: Invalid argument (22)
rsync: [generator] recv_generator: failed to stat &quot;/home/site/wwwroot/newest-logs\LogFiles\2025_10_25_lw0sdlwk0000NB_default_docker.log&quot;: Invalid argument (22)
rsync: [generator] recv_generator: failed to stat &quot;/home/site/wwwroot/newest-logs\LogFiles\2025_10_25_lw0sdlwk0000NB_default_scm_docker.log&quot;: Invalid argument (22)
rsync: [generator] recv_generator: failed to stat &quot;/home/site/wwwroot/newest-logs\LogFiles\2025_10_25_lw0sdlwk0000NB_docker.log&quot;: Invalid argument (22)
rsync: [generator] recv_generator: failed to stat &quot;/home/site/wwwroot/newest-logs\LogFiles\2025_10_25_lw0sdlwk0000NB_msi_docker.log&quot;: Invalid argument (22)
rsync: [generator] recv_generator: failed to stat &quot;/home/site/wwwroot/newest-logs\LogFiles\kudu\deployment\3329015a7f21-9b740626-c984-4b62-aa65-90ea01fbae22.txt&quot;: Invalid argument (22)
rsync: [generator] recv_generator: failed to stat &quot;/home/site/wwwroot/newest-logs\LogFiles\kudu\deployment\4e6ac74cce0e-b02072d0-427b-4f93-8c35-7f5a7c66a5da.txt&quot;: Invalid argument (22)
rsync: [generator] recv_generator: failed to stat &quot;/home/site/wwwroot/newest-logs\LogFiles\kudu\deployment\4e6ac74cce0e-c604675c-b4fe-4ab8-b11e-18851d7eaac0.txt&quot;: Invalid argument (22)
rsync: [generator] recv_generator: failed to stat &quot;/home/site/wwwroot/newest-logs\LogFiles\kudu\deployment\80971621cf29-aac6f295-c660-4936-af14-4b65691acf04.txt&quot;: Invalid argument (22)
rsync: [generator] recv_generator: failed to stat &quot;/home/site/wwwroot/newest-logs\LogFiles\kudu\deployment\fdac589fc224-02826ba9-6f0b-4f6b-88ef-156fe9c13c5c.txt&quot;: Invalid argument (22)
rsync: [generator] recv_generator: failed to stat &quot;/home/site/wwwroot/newest-logs\LogFiles\kudu\deployment\fdac589fc224-4e138973-b3be-4a1f-b039-2406c5cb91ba.txt&quot;: Invalid argument (22)
rsync: [generator] recv_generator: failed to stat &quot;/home/site/wwwroot/newest-logs\LogFiles\kudu\trace\00b87fff5828-fedaed3b-98b2-400e-92a7-a496c66b59dc.txt&quot;: Invalid argument (22)
rsync: [generator] recv_generator: failed to stat &quot;/home/site/wwwroot/newest-logs\LogFiles\kudu\trace\19d0e602cfe0-36539b6a-e2a1-4698-a409-aaec2914b82d.txt&quot;: Invalid argument (22)
rsync: [generator] recv_generator: failed to stat &quot;/home/site/wwwroot/newest-logs\LogFiles\kudu\trace\2025-10-25T18-08-42_504896_001_Startup_POST_api-zipdeploy_0s.xml&quot;: Invalid argument (22)
rsync: [generator] recv_generator: failed to stat &quot;/home/site/wwwroot/newest-logs\LogFiles\kudu\trace\2025-10-25T18-08-42_504896_002_POST_api-zipdeploy_202_1s.xml&quot;: Invalid argument (22)
rsync: [generator] recv_generator: failed to stat &quot;/home/site/wwwroot/newest-logs\LogFiles\kudu\trace\2025-10-25T18-08-43_504896_003_Background_POST_api-zipdeploy_pending.xml&quot;: Invalid argument (22)
rsync: [generator] recv_generator: failed to stat &quot;/home/site/wwwroot/newest-logs\LogFiles\kudu\trace\2025-10-25T18-08-49_504896_004_GET_api-deployments-latest_202_0s.xml&quot;: Invalid argument (22)
rsync: [generator] recv_generator: failed to stat &quot;/home/site/wwwroot/newest-logs\LogFiles\kudu\trace\2025-10-25T18-08-50_504896_005_GET_api-deployments-badfda42-e359-4870-8446-d1543d72aa88_200_0s.xml&quot;: Invalid argument (22)
rsync: [generator] recv_generator: failed to stat &quot;/home/site/wwwroot/newest-logs\LogFiles\kudu\trace\2025-10-25T18-09-07_504896_006_GET_api-deployments-badfda42-e359-4870-8446-d1543d72aa88_200_1s.xml&quot;: Invalid argument (22)
rsync: [generator] recv_generator: failed to stat &quot;/home/site/wwwroot/newest-logs\LogFiles\kudu\trace\2025-10-25T18-09-23_504896_007_GET_api-deployments-badfda42-e359-4870-8446-d1543d72aa88_200_0s.xml&quot;: Invalid argument (22)
rsync: [generator] recv_generator: failed to stat &quot;/home/site/wwwroot/newest-logs\LogFiles\kudu\trace\2025-10-25T18-09-39_504896_008_GET_api-deployments-badfda42-e359-4870-8446-d1543d72aa88_200_0s.xml&quot;: Invalid argument (22)
rsync: [generator] recv_generator: failed to stat &quot;/home/site/wwwroot/newest-logs\LogFiles\kudu\trace\2025-10-25T18-09-55_504896_009_GET_api-deployments-badfda42-e359-4870-8446-d1543d72aa88_200_0s.xml&quot;: Invalid argument (22)
rsync: [generator] recv_generator: failed to stat &quot;/home/site/wwwroot/newest-logs\LogFiles\kudu\trace\2025-10-25T18-10-11_504896_010_GET_api-deployments-badfda42-e359-4870-8446-d1543d72aa88_200_0s.xml&quot;: Invalid argument (22)
rsync: [generator] recv_generator: failed to stat &quot;/home/site/wwwroot/newest-logs\LogFiles\kudu\trace\2025-10-25T18-10-26_504896_011_GET_api-deployments-badfda42-e359-4870-8446-d1543d72aa88_200_1s.xml&quot;: Invalid argument (22)
rsync: [generator] recv_generator: failed to stat &quot;/home/site/wwwroot/newest-logs\LogFiles\kudu\trace\2025-10-25T18-10-44_504896_012_GET_api-deployments-badfda42-e359-4870-8446-d1543d72aa88_200_1s.xml&quot;: Invalid argument (22)
rsync: [generator] recv_generator: failed to stat &quot;/home/site/wwwroot/newest-logs\LogFiles\kudu\trace\2025-10-25T18-11-00_504896_013_GET_api-deployments-badfda42-e359-4870-8446-d1543d72aa88_200_1s.xml&quot;: Invalid argument (22)
rsync: [generator] recv_generator: failed to stat &quot;/home/site/wwwroot/newest-logs\LogFiles\kudu\trace\2025-10-25T18-11-16_504896_014_GET_api-deployments-badfda42-e359-4870-8446-d1543d72aa88_200_1s.xml&quot;: Invalid argument (22)
rsync: [generator] recv_generator: failed to stat &quot;/home/site/wwwroot/newest-logs\LogFiles\kudu\trace\2025-10-25T18-11-33_504896_015_GET_api-deployments-badfda42-e359-4870-8446-d1543d72aa88_200_1s.xml&quot;: Invalid argument (22)
rsync: [generator] recv_generator: failed to stat &quot;/home/site/wwwroot/newest-logs\LogFiles\kudu\trace\2025-10-25T18-11-48_504896_016_GET_api-deployments-badfda42-e359-4870-8446-d1543d72aa88_200_0s.xml&quot;: Invalid argument (22)
rsync: [generator] recv_generator: failed to stat &quot;/home/site/wwwroot/newest-logs\LogFiles\kudu\trace\2025-10-25T18-12-04_504896_017_GET_api-deployments-badfda42-e359-4870-8446-d1543d72aa88_200_1s.xml&quot;: Invalid argument (22)
rsync: [generator] recv_generator: failed to stat &quot;/home/site/wwwroot/newest-logs\LogFiles\kudu\trace\2025-10-25T18-12-20_504896_018_GET_api-deployments-badfda42-e359-4870-8446-d1543d72aa88_200_1s.xml&quot;: Invalid argument (22)
rsync: [generator] recv_generator: failed to stat &quot;/home/site/wwwroot/newest-logs\LogFiles\kudu\trace\2025-10-25T18-12-37_504896_019_GET_api-deployments-badfda42-e359-4870-8446-d1543d72aa88_200_1s.xml&quot;: Invalid argument (22)
rsync: [generator] recv_generator: failed to stat &quot;/home/site/wwwroot/newest-logs\LogFiles\kudu\trace\2025-10-25T18-14-27_504896_021_GET_api-deployments-badfda42-e359-4870-8446-d1543d72aa88-log_200_0s.xml&quot;: Invalid argument (22)
rsync: [generator] recv_generator: failed to stat &quot;/home/site/wwwroot/newest-logs\LogFiles\kudu\trace\2025-10-25T18-15-22_504896_022_GET_dump_200_0s.xml&quot;: Invalid argument (22)
rsync: [generator] recv_generator: failed to stat &quot;/home/site/wwwroot/newest-logs\LogFiles\kudu\trace\2025-10-25T18-23-35_504896_023_GET_logstream_200_181s.xml&quot;: Invalid argument (22)
rsync: [generator] recv_generator: failed to stat &quot;/home/site/wwwroot/newest-logs\deployments\active&quot;: Invalid argument (22)
rsync: [generator] recv_generator: failed to stat &quot;/home/site/wwwroot/newest-logs\deployments\pending&quot;: Invalid argument (22)
rsync: [generator] recv_generator: failed to stat &quot;/home/site/wwwroot/newest-logs\deployments\tools\deploy.sh&quot;: Invalid argument (22)
rsync: [generator] recv_generator: failed to stat &quot;/home/site/wwwroot/newest-logs\deployments\tools\deploymentCacheKey&quot;: Invalid argument (22)
rsync: [generator] recv_generator: failed to stat &quot;/home/site/wwwroot/routes\admin\order-routes.js&quot;: Invalid argument (22)
rsync: [generator] recv_generator: failed to stat &quot;/home/site/wwwroot/routes\admin\products-routes.js&quot;: Invalid argument (22)
rsync: [generator] recv_generator: failed to stat &quot;/home/site/wwwroot/routes\auth\auth-routes.js&quot;: Invalid argument (22)
rsync: [generator] recv_generator: failed to stat &quot;/home/site/wwwroot/routes\common\feature-routes.js&quot;: Invalid argument (22)
rsync: [generator] recv_generator: failed to stat &quot;/home/site/wwwroot/routes\order-routes-with-iam.example.js&quot;: Invalid argument (22)
rsync: [generator] recv_generator: failed to stat &quot;/home/site/wwwroot/routes\shop\address-routes.js&quot;: Invalid argument (22)
rsync: [generator] recv_generator: failed to stat &quot;/home/site/wwwroot/routes\shop\cart-routes.js&quot;: Invalid argument (22)
rsync: [generator] recv_generator: failed to stat &quot;/home/site/wwwroot/routes\shop\order-routes.js&quot;: Invalid argument (22)
rsync: [generator] recv_generator: failed to stat &quot;/home/site/wwwroot/routes\shop\products-routes.js&quot;: Invalid argument (22)
rsync: [generator] recv_generator: failed to stat &quot;/home/site/wwwroot/routes\shop\review-routes.js&quot;: Invalid argument (22)
rsync: [generator] recv_generator: failed to stat &quot;/home/site/wwwroot/routes\shop\search-routes.js&quot;: Invalid argument (22)
rsync: [generator] recv_generator: mkdir &quot;/home/site/wwwroot/newest-logs\LogFiles\kudu\&quot; failed: Invalid argument (22)
*** Skipping any contents from this failed directory ***
rsync error: some files/attrs were not transferred (see previous errors) (code 23) at main.c(1338) [sender=3.2.7]
/bin/bash -c &quot;oryx build /tmp/zipdeploy/extracted -o /home/site/wwwroot --platform nodejs --platform-version 20 -p virtualenv_name= --log-file /tmp/build-debug.log  -i /tmp/8de14999941553e -p compress_node_modules=tar-gz | tee /tmp/oryx-build.log ; exit $PIPESTATUS &quot;" stackTrace="   at Kudu.Core.Infrastructure.Executable.ExecuteInternal(ITracer tracer, Func`2 onWriteOutput, Func`2 onWriteError, CancellationToken token, Encoding encoding, String arguments, Object[] args) in /tmp/KuduLite/Kudu.Core/Infrastructure/Executable.cs:line 239
   at Kudu.Core.Infrastructure.Executable.ExecuteWithProgressWriter(ILogger logger, ITracer tracer, CancellationToken token, String arguments, Object[] args) in /tmp/KuduLite/Kudu.Core/Infrastructure/Executable.cs:line 118
   at Kudu.Core.Deployment.Generator.ExternalCommandBuilder.RunCommand(DeploymentContext context, String command, Boolean ignoreManifest, CancellationToken token, String message) in /tmp/KuduLite/Kudu.Core/Deployment/Generator/ExternalCommandBuilder.cs:line 122
   at Kudu.Core.Deployment.Generator.OryxBuilder.RunBuildCommand(IOryxArguments args, DeploymentContext context, CancellationToken token) in /tmp/KuduLite/Kudu.Core/Deployment/Generator/OryxBuilder.cs:line 295
   at Kudu.Core.Deployment.Generator.OryxBuilder.Build(DeploymentContext context, CancellationToken token) in /tmp/KuduLite/Kudu.Core/Deployment/Generator/OryxBuilder.cs:line 136
   at Kudu.Core.Deployment.DeploymentManager.Build(ChangeSet changeSet, ITracer tracer, IDisposable deployStep, IRepository repository, DeploymentInfoBase deploymentInfo, DeploymentAnalytics deploymentAnalytics, Boolean fullBuildByDefault, CancellationToken cancellationToken) in /tmp/KuduLite/Kudu.Core/Deployment/DeploymentManager.cs:line 771
   at Kudu.Core.Deployment.DeploymentManager.Build(ChangeSet changeSet, ITracer tracer, IDisposable deployStep, IRepository repository, DeploymentInfoBase deploymentInfo, DeploymentAnalytics deploymentAnalytics, Boolean fullBuildByDefault, CancellationToken cancellationToken) in /tmp/KuduLite/Kudu.Core/Deployment/DeploymentManager.cs:line 840
   at Kudu.Core.Deployment.DeploymentManager.DeployAsync(IRepository repository, ChangeSet changeSet, String deployer, Boolean clean, DeploymentInfoBase deploymentInfo, Boolean needFileUpdate, Boolean fullBuildByDefault) in /tmp/KuduLite/Kudu.Core/Deployment/DeploymentManager.cs:line 266" /><!-- duration: 6ms -->
        </step><!-- duration: 106504ms -->
        <step title="Reloading status file with latest updates" date="2025-10-26T14:13:33.335" >
          <step title="WebHooksManager.PublishEventAsync: PostDeployment" date="2025-10-26T14:13:33.347" /><!-- duration: 119ms -->
        </step><!-- duration: 135ms -->
        <step title="Error occurred" date="2025-10-26T14:13:33.475" type="error" text="npm warn deprecated q@1.5.1: You or someone you depend on is using Q, the JavaScript Promise library that gave JavaScript developers strong feelings about promises. They can almost certainly migrate to the native JavaScript promise now. Thank you literally everyone for joining me in this bet against the odds. Be excellent to each other.
npm warn deprecated
npm warn deprecated (For a CapTP with native promises, see @endo/eventual-send and @endo/captp)
npm warn deprecated paypal-rest-sdk@1.8.1: Package no longer supported. The author suggests using the @paypal/paypal-server-sdk package instead: https://www.npmjs.com/package/@paypal/paypal-server-sdk. Contact Support at https://www.npmjs.com/support for more info.
rsync: [generator] recv_generator: failed to stat &quot;/home/site/wwwroot/.github\workflows\azure-deploy.yml&quot;: Invalid argument (22)
rsync: [generator] recv_generator: failed to stat &quot;/home/site/wwwroot/config\app-insights.js&quot;: Invalid argument (22)
rsync: [generator] recv_generator: failed to stat &quot;/home/site/wwwroot/config\azure-ad-b2c.js&quot;: Invalid argument (22)
rsync: [generator] recv_generator: failed to stat &quot;/home/site/wwwroot/config\azure-communication.js&quot;: Invalid argument (22)
rsync: [generator] recv_generator: failed to stat &quot;/home/site/wwwroot/config\azure-keyvault.js&quot;: Invalid argument (22)
rsync: [generator] recv_generator: failed to stat &quot;/home/site/wwwroot/config\azure-notification-hub.js&quot;: Invalid argument (22)
rsync: [generator] recv_generator: failed to stat &quot;/home/site/wwwroot/config\azure-storage.js&quot;: Invalid argument (22)
rsync: [generator] recv_generator: failed to stat &quot;/home/site/wwwroot/config\filter-options.js&quot;: Invalid argument (22)
rsync: [generator] recv_generator: failed to stat &quot;/home/site/wwwroot/controllers\admin\order-controller.js&quot;: Invalid argument (22)
rsync: [generator] recv_generator: failed to stat &quot;/home/site/wwwroot/controllers\admin\products-controller.js&quot;: Invalid argument (22)
rsync: [generator] recv_generator: failed to stat &quot;/home/site/wwwroot/controllers\auth-controller.js&quot;: Invalid argument (22)
rsync: [generator] recv_generator: failed to stat &quot;/home/site/wwwroot/controllers\common\feature-controller.js&quot;: Invalid argument (22)
rsync: [generator] recv_generator: failed to stat &quot;/home/site/wwwroot/controllers\shop\address-controller.js&quot;: Invalid argument (22)
rsync: [generator] recv_generator: failed to stat &quot;/home/site/wwwroot/controllers\shop\cart-controller.js&quot;: Invalid argument (22)
rsync: [generator] recv_generator: failed to stat &quot;/home/site/wwwroot/controllers\shop\order-controller.js&quot;: Invalid argument (22)
rsync: [generator] recv_generator: failed to stat &quot;/home/site/wwwroot/controllers\shop\productreview-controller.js&quot;: Invalid argument (22)
rsync: [generator] recv_generator: failed to stat &quot;/home/site/wwwroot/controllers\shop\products-controller.js&quot;: Invalid argument (22)
rsync: [generator] recv_generator: failed to stat &quot;/home/site/wwwroot/controllers\shop\search-controller.js&quot;: Invalid argument (22)
rsync: [generator] recv_generator: failed to stat &quot;/home/site/wwwroot/helpers\cloudinary.js&quot;: Invalid argument (22)
rsync: [generator] recv_generator: failed to stat &quot;/home/site/wwwroot/helpers\paypal.js&quot;: Invalid argument (22)
rsync: [generator] recv_generator: failed to stat &quot;/home/site/wwwroot/middleware\notification-middleware.js&quot;: Invalid argument (22)
rsync: [generator] recv_generator: failed to stat &quot;/home/site/wwwroot/models\Address.js&quot;: Invalid argument (22)
rsync: [generator] recv_generator: failed to stat &quot;/home/site/wwwroot/models\Cart.js&quot;: Invalid argument (22)
rsync: [generator] recv_generator: failed to stat &quot;/home/site/wwwroot/models\Order.js&quot;: Invalid argument (22)
rsync: [generator] recv_generator: failed to stat &quot;/home/site/wwwroot/models\Review.js&quot;: Invalid argument (22)
rsync: [generator] recv_generator: failed to stat &quot;/home/site/wwwroot/models\features.js&quot;: Invalid argument (22)
rsync: [generator] recv_generator: failed to stat &quot;/home/site/wwwroot/models\product.js&quot;: Invalid argument (22)
rsync: [generator] recv_generator: failed to stat &quot;/home/site/wwwroot/models\user.js&quot;: Invalid argument (22)
rsync: [generator] recv_generator: failed to stat &quot;/home/site/wwwroot/newest-logs\LogFiles\2025_10_25_lw0sdlwk0000NB_default_docker.log&quot;: Invalid argument (22)
rsync: [generator] recv_generator: failed to stat &quot;/home/site/wwwroot/newest-logs\LogFiles\2025_10_25_lw0sdlwk0000NB_default_scm_docker.log&quot;: Invalid argument (22)
rsync: [generator] recv_generator: failed to stat &quot;/home/site/wwwroot/newest-logs\LogFiles\2025_10_25_lw0sdlwk0000NB_docker.log&quot;: Invalid argument (22)
rsync: [generator] recv_generator: failed to stat &quot;/home/site/wwwroot/newest-logs\LogFiles\2025_10_25_lw0sdlwk0000NB_msi_docker.log&quot;: Invalid argument (22)
rsync: [generator] recv_generator: failed to stat &quot;/home/site/wwwroot/newest-logs\LogFiles\kudu\deployment\3329015a7f21-9b740626-c984-4b62-aa65-90ea01fbae22.txt&quot;: Invalid argument (22)
rsync: [generator] recv_generator: failed to stat &quot;/home/site/wwwroot/newest-logs\LogFiles\kudu\deployment\4e6ac74cce0e-b02072d0-427b-4f93-8c35-7f5a7c66a5da.txt&quot;: Invalid argument (22)
rsync: [generator] recv_generator: failed to stat &quot;/home/site/wwwroot/newest-logs\LogFiles\kudu\deployment\4e6ac74cce0e-c604675c-b4fe-4ab8-b11e-18851d7eaac0.txt&quot;: Invalid argument (22)
rsync: [generator] recv_generator: failed to stat &quot;/home/site/wwwroot/newest-logs\LogFiles\kudu\deployment\80971621cf29-aac6f295-c660-4936-af14-4b65691acf04.txt&quot;: Invalid argument (22)
rsync: [generator] recv_generator: failed to stat &quot;/home/site/wwwroot/newest-logs\LogFiles\kudu\deployment\fdac589fc224-02826ba9-6f0b-4f6b-88ef-156fe9c13c5c.txt&quot;: Invalid argument (22)
rsync: [generator] recv_generator: failed to stat &quot;/home/site/wwwroot/newest-logs\LogFiles\kudu\deployment\fdac589fc224-4e138973-b3be-4a1f-b039-2406c5cb91ba.txt&quot;: Invalid argument (22)
rsync: [generator] recv_generator: failed to stat &quot;/home/site/wwwroot/newest-logs\LogFiles\kudu\trace\00b87fff5828-fedaed3b-98b2-400e-92a7-a496c66b59dc.txt&quot;: Invalid argument (22)
rsync: [generator] recv_generator: failed to stat &quot;/home/site/wwwroot/newest-logs\LogFiles\kudu\trace\19d0e602cfe0-36539b6a-e2a1-4698-a409-aaec2914b82d.txt&quot;: Invalid argument (22)
rsync: [generator] recv_generator: failed to stat &quot;/home/site/wwwroot/newest-logs\LogFiles\kudu\trace\2025-10-25T18-08-42_504896_001_Startup_POST_api-zipdeploy_0s.xml&quot;: Invalid argument (22)
rsync: [generator] recv_generator: failed to stat &quot;/home/site/wwwroot/newest-logs\LogFiles\kudu\trace\2025-10-25T18-08-42_504896_002_POST_api-zipdeploy_202_1s.xml&quot;: Invalid argument (22)
rsync: [generator] recv_generator: failed to stat &quot;/home/site/wwwroot/newest-logs\LogFiles\kudu\trace\2025-10-25T18-08-43_504896_003_Background_POST_api-zipdeploy_pending.xml&quot;: Invalid argument (22)
rsync: [generator] recv_generator: failed to stat &quot;/home/site/wwwroot/newest-logs\LogFiles\kudu\trace\2025-10-25T18-08-49_504896_004_GET_api-deployments-latest_202_0s.xml&quot;: Invalid argument (22)
rsync: [generator] recv_generator: failed to stat &quot;/home/site/wwwroot/newest-logs\LogFiles\kudu\trace\2025-10-25T18-08-50_504896_005_GET_api-deployments-badfda42-e359-4870-8446-d1543d72aa88_200_0s.xml&quot;: Invalid argument (22)
rsync: [generator] recv_generator: failed to stat &quot;/home/site/wwwroot/newest-logs\LogFiles\kudu\trace\2025-10-25T18-09-07_504896_006_GET_api-deployments-badfda42-e359-4870-8446-d1543d72aa88_200_1s.xml&quot;: Invalid argument (22)
rsync: [generator] recv_generator: failed to stat &quot;/home/site/wwwroot/newest-logs\LogFiles\kudu\trace\2025-10-25T18-09-23_504896_007_GET_api-deployments-badfda42-e359-4870-8446-d1543d72aa88_200_0s.xml&quot;: Invalid argument (22)
rsync: [generator] recv_generator: failed to stat &quot;/home/site/wwwroot/newest-logs\LogFiles\kudu\trace\2025-10-25T18-09-39_504896_008_GET_api-deployments-badfda42-e359-4870-8446-d1543d72aa88_200_0s.xml&quot;: Invalid argument (22)
rsync: [generator] recv_generator: failed to stat &quot;/home/site/wwwroot/newest-logs\LogFiles\kudu\trace\2025-10-25T18-09-55_504896_009_GET_api-deployments-badfda42-e359-4870-8446-d1543d72aa88_200_0s.xml&quot;: Invalid argument (22)
rsync: [generator] recv_generator: failed to stat &quot;/home/site/wwwroot/newest-logs\LogFiles\kudu\trace\2025-10-25T18-10-11_504896_010_GET_api-deployments-badfda42-e359-4870-8446-d1543d72aa88_200_0s.xml&quot;: Invalid argument (22)
rsync: [generator] recv_generator: failed to stat &quot;/home/site/wwwroot/newest-logs\LogFiles\kudu\trace\2025-10-25T18-10-26_504896_011_GET_api-deployments-badfda42-e359-4870-8446-d1543d72aa88_200_1s.xml&quot;: Invalid argument (22)
rsync: [generator] recv_generator: failed to stat &quot;/home/site/wwwroot/newest-logs\LogFiles\kudu\trace\2025-10-25T18-10-44_504896_012_GET_api-deployments-badfda42-e359-4870-8446-d1543d72aa88_200_1s.xml&quot;: Invalid argument (22)
rsync: [generator] recv_generator: failed to stat &quot;/home/site/wwwroot/newest-logs\LogFiles\kudu\trace\2025-10-25T18-11-00_504896_013_GET_api-deployments-badfda42-e359-4870-8446-d1543d72aa88_200_1s.xml&quot;: Invalid argument (22)
rsync: [generator] recv_generator: failed to stat &quot;/home/site/wwwroot/newest-logs\LogFiles\kudu\trace\2025-10-25T18-11-16_504896_014_GET_api-deployments-badfda42-e359-4870-8446-d1543d72aa88_200_1s.xml&quot;: Invalid argument (22)
rsync: [generator] recv_generator: failed to stat &quot;/home/site/wwwroot/newest-logs\LogFiles\kudu\trace\2025-10-25T18-11-33_504896_015_GET_api-deployments-badfda42-e359-4870-8446-d1543d72aa88_200_1s.xml&quot;: Invalid argument (22)
rsync: [generator] recv_generator: failed to stat &quot;/home/site/wwwroot/newest-logs\LogFiles\kudu\trace\2025-10-25T18-11-48_504896_016_GET_api-deployments-badfda42-e359-4870-8446-d1543d72aa88_200_0s.xml&quot;: Invalid argument (22)
rsync: [generator] recv_generator: failed to stat &quot;/home/site/wwwroot/newest-logs\LogFiles\kudu\trace\2025-10-25T18-12-04_504896_017_GET_api-deployments-badfda42-e359-4870-8446-d1543d72aa88_200_1s.xml&quot;: Invalid argument (22)
rsync: [generator] recv_generator: failed to stat &quot;/home/site/wwwroot/newest-logs\LogFiles\kudu\trace\2025-10-25T18-12-20_504896_018_GET_api-deployments-badfda42-e359-4870-8446-d1543d72aa88_200_1s.xml&quot;: Invalid argument (22)
rsync: [generator] recv_generator: failed to stat &quot;/home/site/wwwroot/newest-logs\LogFiles\kudu\trace\2025-10-25T18-12-37_504896_019_GET_api-deployments-badfda42-e359-4870-8446-d1543d72aa88_200_1s.xml&quot;: Invalid argument (22)
rsync: [generator] recv_generator: failed to stat &quot;/home/site/wwwroot/newest-logs\LogFiles\kudu\trace\2025-10-25T18-14-27_504896_021_GET_api-deployments-badfda42-e359-4870-8446-d1543d72aa88-log_200_0s.xml&quot;: Invalid argument (22)
rsync: [generator] recv_generator: failed to stat &quot;/home/site/wwwroot/newest-logs\LogFiles\kudu\trace\2025-10-25T18-15-22_504896_022_GET_dump_200_0s.xml&quot;: Invalid argument (22)
rsync: [generator] recv_generator: failed to stat &quot;/home/site/wwwroot/newest-logs\LogFiles\kudu\trace\2025-10-25T18-23-35_504896_023_GET_logstream_200_181s.xml&quot;: Invalid argument (22)
rsync: [generator] recv_generator: failed to stat &quot;/home/site/wwwroot/newest-logs\deployments\active&quot;: Invalid argument (22)
rsync: [generator] recv_generator: failed to stat &quot;/home/site/wwwroot/newest-logs\deployments\pending&quot;: Invalid argument (22)
rsync: [generator] recv_generator: failed to stat &quot;/home/site/wwwroot/newest-logs\deployments\tools\deploy.sh&quot;: Invalid argument (22)
rsync: [generator] recv_generator: failed to stat &quot;/home/site/wwwroot/newest-logs\deployments\tools\deploymentCacheKey&quot;: Invalid argument (22)
rsync: [generator] recv_generator: failed to stat &quot;/home/site/wwwroot/routes\admin\order-routes.js&quot;: Invalid argument (22)
rsync: [generator] recv_generator: failed to stat &quot;/home/site/wwwroot/routes\admin\products-routes.js&quot;: Invalid argument (22)
rsync: [generator] recv_generator: failed to stat &quot;/home/site/wwwroot/routes\auth\auth-routes.js&quot;: Invalid argument (22)
rsync: [generator] recv_generator: failed to stat &quot;/home/site/wwwroot/routes\common\feature-routes.js&quot;: Invalid argument (22)
rsync: [generator] recv_generator: failed to stat &quot;/home/site/wwwroot/routes\order-routes-with-iam.example.js&quot;: Invalid argument (22)
rsync: [generator] recv_generator: failed to stat &quot;/home/site/wwwroot/routes\shop\address-routes.js&quot;: Invalid argument (22)
rsync: [generator] recv_generator: failed to stat &quot;/home/site/wwwroot/routes\shop\cart-routes.js&quot;: Invalid argument (22)
rsync: [generator] recv_generator: failed to stat &quot;/home/site/wwwroot/routes\shop\order-routes.js&quot;: Invalid argument (22)
rsync: [generator] recv_generator: failed to stat &quot;/home/site/wwwroot/routes\shop\products-routes.js&quot;: Invalid argument (22)
rsync: [generator] recv_generator: failed to stat &quot;/home/site/wwwroot/routes\shop\review-routes.js&quot;: Invalid argument (22)
rsync: [generator] recv_generator: failed to stat &quot;/home/site/wwwroot/routes\shop\search-routes.js&quot;: Invalid argument (22)
rsync: [generator] recv_generator: mkdir &quot;/home/site/wwwroot/newest-logs\LogFiles\kudu\&quot; failed: Invalid argument (22)
*** Skipping any contents from this failed directory ***
rsync error: some files/attrs were not transferred (see previous errors) (code 23) at main.c(1338) [sender=3.2.7]
/bin/bash -c &quot;oryx build /tmp/zipdeploy/extracted -o /home/site/wwwroot --platform nodejs --platform-version 20 -p virtualenv_name= --log-file /tmp/build-debug.log  -i /tmp/8de14999941553e -p compress_node_modules=tar-gz | tee /tmp/oryx-build.log ; exit $PIPESTATUS &quot;" stackTrace="   at Kudu.Core.Infrastructure.Executable.ExecuteInternal(ITracer tracer, Func`2 onWriteOutput, Func`2 onWriteError, CancellationToken token, Encoding encoding, String arguments, Object[] args) in /tmp/KuduLite/Kudu.Core/Infrastructure/Executable.cs:line 239
   at Kudu.Core.Infrastructure.Executable.ExecuteWithProgressWriter(ILogger logger, ITracer tracer, CancellationToken token, String arguments, Object[] args) in /tmp/KuduLite/Kudu.Core/Infrastructure/Executable.cs:line 118
   at Kudu.Core.Deployment.Generator.ExternalCommandBuilder.RunCommand(DeploymentContext context, String command, Boolean ignoreManifest, CancellationToken token, String message) in /tmp/KuduLite/Kudu.Core/Deployment/Generator/ExternalCommandBuilder.cs:line 122
   at Kudu.Core.Deployment.Generator.OryxBuilder.RunBuildCommand(IOryxArguments args, DeploymentContext context, CancellationToken token) in /tmp/KuduLite/Kudu.Core/Deployment/Generator/OryxBuilder.cs:line 295
   at Kudu.Core.Deployment.Generator.OryxBuilder.Build(DeploymentContext context, CancellationToken token) in /tmp/KuduLite/Kudu.Core/Deployment/Generator/OryxBuilder.cs:line 136
   at Kudu.Core.Deployment.DeploymentManager.Build(ChangeSet changeSet, ITracer tracer, IDisposable deployStep, IRepository repository, DeploymentInfoBase deploymentInfo, DeploymentAnalytics deploymentAnalytics, Boolean fullBuildByDefault, CancellationToken cancellationToken) in /tmp/KuduLite/Kudu.Core/Deployment/DeploymentManager.cs:line 771
   at Kudu.Core.Deployment.DeploymentManager.Build(ChangeSet changeSet, ITracer tracer, IDisposable deployStep, IRepository repository, DeploymentInfoBase deploymentInfo, DeploymentAnalytics deploymentAnalytics, Boolean fullBuildByDefault, CancellationToken cancellationToken) in /tmp/KuduLite/Kudu.Core/Deployment/DeploymentManager.cs:line 840
   at Kudu.Core.Deployment.DeploymentManager.DeployAsync(IRepository repository, ChangeSet changeSet, String deployer, Boolean clean, DeploymentInfoBase deploymentInfo, Boolean needFileUpdate, Boolean fullBuildByDefault) in /tmp/KuduLite/Kudu.Core/Deployment/DeploymentManager.cs:line 266" /><!-- duration: 6ms -->
        <step title="Marking deployment as failed and cleaning up the temp deployment" date="2025-10-26T14:13:33.554" /><!-- duration: 16ms -->
      </step><!-- duration: 108767ms -->
      <step title="Error occurred" date="2025-10-26T14:13:33.741" type="error" text="One or more errors occurred. (Deployment failed)" stackTrace="   at System.Threading.Tasks.Task.ThrowIfExceptional(Boolean includeTaskCanceledExceptions)
   at System.Threading.Tasks.Task.Wait(Int32 millisecondsTimeout, CancellationToken cancellationToken)
   at System.Threading.Tasks.Task.Wait()
   at Kudu.Core.Deployment.FetchDeploymentManager.&lt;&gt;c__DisplayClass22_1.&lt;PerformBackgroundDeployment&gt;b__3() in /tmp/KuduLite/Kudu.Core/Deployment/FetchDeploymentManager.cs:line 414
   at Kudu.Contracts.Infrastructure.LockExtensions.TryLockOperation(IOperationLock lockObj, Action operation, String operationName, TimeSpan timeout) in /tmp/KuduLite/Kudu.Contracts/Infrastructure/LockExtensions.cs:line 34
   at Kudu.Contracts.Infrastructure.LockExtensions.LockOperation(IOperationLock lockObj, Action operation, String operationName, TimeSpan timeout) in /tmp/KuduLite/Kudu.Contracts/Infrastructure/LockExtensions.cs:line 46
   at Kudu.Core.Deployment.FetchDeploymentManager.&lt;&gt;c__DisplayClass22_0.&lt;PerformBackgroundDeployment&gt;b__1() in /tmp/KuduLite/Kudu.Core/Deployment/FetchDeploymentManager.cs:line 393" innerText="Deployment failed" innerStackTrace="   at Kudu.Core.Deployment.DeploymentManager.DeployAsync(IRepository repository, ChangeSet changeSet, String deployer, Boolean clean, DeploymentInfoBase deploymentInfo, Boolean needFileUpdate, Boolean fullBuildByDefault) in /tmp/KuduLite/Kudu.Core/Deployment/DeploymentManager.cs:line 307
   at Kudu.Core.Deployment.FetchDeploymentManager.PerformDeployment(DeploymentInfoBase deploymentInfo, IDisposable tempDeployment, ChangeSet tempChangeSet, DeployStatusApiResult updateStatusObj) in /tmp/KuduLite/Kudu.Core/Deployment/FetchDeploymentManager.cs:line 230" /><!-- duration: 4ms -->
    </step><!-- duration: 108822ms -->
