<step title="Incoming Request" date="2025-10-26T08:12:26.253" instance="504896" url="/api/publish?async=true&amp;deployer=GITHUB_ONE_DEPLOY&amp;type=zip&amp;message=%7B%22type%22%3A%22deployment%22%2C%22sha%22%3A%22f5fd6ebde2460ec6331dd9ce8a6a789b2fce2688%22%2C%22repoName%22%3A%22VengurlekarMayuresh%2FEcommerce%22%2C%22actor%22%3A%22VengurlekarMayuresh%22%2C%22slotName%22%3A%22Production%22%2C%22commitMessage%22%3A%22Add%20or%20update%20the%20Azure%20App%20Service%20build%20and%20deployment%20workflow%20config%22%7D" method="POST" type="request" pid="833,1,15" Host="ecomm-app-4379.scm.azurewebsites.net" User-Agent="GITHUBACTIONS_DeployWebAppToAzure_85a8437dad18d601054a5ca9a5ef62e71eefa3c9ac7d843e02553bb9af9d5c17" Authorization="Bea..." Content-Type="application/octet-stream" Cookie="ARRAffinity=504896c031d2fcb93e96c5b802e958a974f760ea45aef3813e22443ccf4d3a0c;Path=/;HttpOnly;Secure;Domain=ecomm-app-4379.scm.azurewebsites.net; ARRAffinitySameSite=504896c031d2fcb93e96c5b802e958a974f760ea45aef3813e22443ccf4d3a0c;Path=/;HttpOnly;SameSite=None;Secure;Domain=ecomm-app-4379.scm.azurewebsites.net" Transfer-Encoding="chunked" X-ARR-LOG-ID="892c63a1-e256-4098-a8be-9144b6e1d250" CLIENT-IP="20.168.110.20:15395" X-SITE-DEPLOYMENT-ID="ecomm-app-4379" WAS-DEFAULT-HOSTNAME="ecomm-app-4379.scm.azurewebsites.net" X-Forwarded-Proto="https" X-AppService-Proto="https" X-Forwarded-TlsVersion="1.3" X-WAWS-Unencoded-URL="/api/publish?async=true&amp;deployer=GITHUB_ONE_DEPLOY&amp;type=zip&amp;message=%7B%22type%22%3A%22deployment%22%2C%22sha%22%3A%22f5fd6ebde2460ec6331dd9ce8a6a789b2fce2688%22%2C%22repoName%22%3A%22VengurlekarMayuresh%2FEcommerce%22%2C%22actor%22%3A%22VengurlekarMayuresh%22%2C%22slotName%22%3A%22Production%22%2C%22commitMessage%22%3A%22Add%20or%20update%20the%20Azure%20App%20Service%20build%20and%20deployment%20workflow%20config%22%7D" X-Client-IP="20.168.110.20" X-Client-Port="15395" >
  <step title="Cleanup Xml Logs" date="2025-10-26T08:12:26.282" >
    <step title="Cleanup Infos" date="2025-10-26T08:12:26.428" totalFiles="421" totalCleanup="261" /><!-- duration: 17ms -->
  </step><!-- duration: 213ms -->
  <step title="OneDeploy" date="2025-10-26T08:12:26.726" >
    <step title="Starting PushDeployAsync" date="2025-10-26T08:12:27.230" /><!-- duration: 20ms -->
    <step title="Writing artifact to /tmp/zipdeploy/8a492474-ac4a-45b0-a2b0-c3093cf94f1d.zip" date="2025-10-26T08:12:27.326" >
      <step title="Writing multipart request body to /tmp/zipdeploy/8a492474-ac4a-45b0-a2b0-c3093cf94f1d.zip" date="2025-10-26T08:12:27.374" /><!-- duration: 22ms -->
    </step><!-- duration: 5176ms -->
    <step title="Start deployment in the background" date="2025-10-26T08:12:32.576" >
      <step title="Acquiring Deployment Lock" date="2025-10-26T08:12:32.968" /><!-- duration: 20ms -->
      <step title="Cannot Acquire Deployment Lock already held" date="2025-10-26T08:12:33.145" /><!-- duration: 18ms -->
    </step><!-- duration: 831ms -->
    <step title="There is a deployment currently in progress. Please try again when it completes." date="2025-10-26T08:12:33.559" /><!-- duration: 95ms -->
  </step><!-- duration: 6959ms -->
  <step title="Outgoing response" date="2025-10-26T08:12:33.731" type="response" statusCode="409" statusText="Conflict" /><!-- duration: 91ms -->
</step><!-- duration: 7703ms -->
