<step title="Incoming Request" date="2025-10-26T14:44:52.867" instance="504896" url="/api/zipdeploy?isAsync=true" method="POST" type="request" pid="831,1,29" Accept="*/*" Host="ecomm-app-4379.scm.azurewebsites.net" User-Agent="AZURECLI/2.78.0 (MSI)" Accept-Encoding="gzip, deflate" Authorization="Bea..." Cache-Control="no-cache" Content-Type="application/octet-stream" Content-Length="29323" x-ms-client-request-id="4f75c338-b27a-11f0-98a3-00e04f06f700" x-ms-artifact-checksum="e5ed2c596ec1368cfbd62ff077d9c65a26e8c9e18087740aff935f7388d3f721" X-ARR-LOG-ID="4f75c338-b27a-11f0-98a3-00e04f06f700" CLIENT-IP="114.79.174.8:50127" X-SITE-DEPLOYMENT-ID="ecomm-app-4379" WAS-DEFAULT-HOSTNAME="ecomm-app-4379.scm.azurewebsites.net" X-Forwarded-Proto="https" X-AppService-Proto="https" X-Forwarded-TlsVersion="1.3" X-WAWS-Unencoded-URL="/api/zipdeploy?isAsync=true" X-Client-IP="114.79.174.8" X-Client-Port="50127" >
  <step title="ZipPushDeploy" date="2025-10-26T14:44:54.302" >
    <step title="ZipDeploy. Extract zip." date="2025-10-26T14:44:54.317" /><!-- duration: 4ms -->
    <step title="None repository commit" date="2025-10-26T14:44:54.335" >
      <step title="Commit id: aad37cb2-5a57-4461-8083-b30b937d9f58" date="2025-10-26T14:44:54.340" Message="N/A" AuthorName="N/A" AuthorEmail="N/A" /><!-- duration: 4ms -->
    </step><!-- duration: 14ms -->
    <step title="Starting PushDeployAsync" date="2025-10-26T14:44:54.355" /><!-- duration: 5ms -->
    <step title="Writing artifact to /tmp/zipdeploy/847f0d7c-9193-45c0-a365-a0afa756275e.zip" date="2025-10-26T14:44:54.407" >
      <step title="Writing multipart request body to /tmp/zipdeploy/847f0d7c-9193-45c0-a365-a0afa756275e.zip" date="2025-10-26T14:44:54.413" /><!-- duration: 4ms -->
    </step><!-- duration: 176ms -->
    <step title="Start deployment in the background" date="2025-10-26T14:44:54.599" >
      <step title="Acquiring Deployment Lock" date="2025-10-26T14:44:54.637" /><!-- duration: 36ms -->
      <step title="Acquired Deployment Lock" date="2025-10-26T14:44:54.900" /><!-- duration: 9ms -->
    </step><!-- duration: 587ms -->
  </step><!-- duration: 906ms -->
  <step title="Outgoing response" date="2025-10-26T14:44:55.234" type="response" statusCode="202" statusText="Accepted" /><!-- duration: 4ms -->
</step><!-- duration: 2378ms -->
