<step title="Incoming Request" date="2025-10-25T22:01:29.697" instance="504896" url="/api/publish?async=true&amp;deployer=GITHUB_ONE_DEPLOY&amp;type=zip&amp;message=%7B%22type%22%3A%22deployment%22%2C%22sha%22%3A%22557c8145a26035c86b906980f44dc6688f7e7396%22%2C%22repoName%22%3A%22VengurlekarMayuresh%2FEcommerce%22%2C%22actor%22%3A%22VengurlekarMayuresh%22%2C%22slotName%22%3A%22Production%22%2C%22commitMessage%22%3A%22Add%20Azure%20deployment%20workflow%22%7D" method="POST" type="request" pid="834,1,37" Host="ecomm-app-4379.scm.azurewebsites.net" User-Agent="GITHUBACTIONS_DeployWebAppToAzure_85a8437dad18d601054a5ca9a5ef62e71eefa3c9ac7d843e02553bb9af9d5c17" Authorization="Bea..." Content-Type="application/octet-stream" Cookie="ARRAffinity=504896c031d2fcb93e96c5b802e958a974f760ea45aef3813e22443ccf4d3a0c;Path=/;HttpOnly;Secure;Domain=ecomm-app-4379.scm.azurewebsites.net; ARRAffinitySameSite=504896c031d2fcb93e96c5b802e958a974f760ea45aef3813e22443ccf4d3a0c;Path=/;HttpOnly;SameSite=None;Secure;Domain=ecomm-app-4379.scm.azurewebsites.net" Transfer-Encoding="chunked" X-ARR-LOG-ID="601e66c0-350d-420d-8890-1915a7edeece" CLIENT-IP="145.132.99.132:20504" X-SITE-DEPLOYMENT-ID="ecomm-app-4379" WAS-DEFAULT-HOSTNAME="ecomm-app-4379.scm.azurewebsites.net" X-Forwarded-Proto="https" X-AppService-Proto="https" X-Forwarded-TlsVersion="1.3" X-WAWS-Unencoded-URL="/api/publish?async=true&amp;deployer=GITHUB_ONE_DEPLOY&amp;type=zip&amp;message=%7B%22type%22%3A%22deployment%22%2C%22sha%22%3A%22557c8145a26035c86b906980f44dc6688f7e7396%22%2C%22repoName%22%3A%22VengurlekarMayuresh%2FEcommerce%22%2C%22actor%22%3A%22VengurlekarMayuresh%22%2C%22slotName%22%3A%22Production%22%2C%22commitMessage%22%3A%22Add%20Azure%20deployment%20workflow%22%7D" X-Client-IP="145.132.99.132" X-Client-Port="20504" >
  <step title="Cleanup Xml Logs" date="2025-10-25T22:01:29.710" >
    <step title="Cleanup Infos" date="2025-10-25T22:01:29.727" totalFiles="239" totalCleanup="79" /><!-- duration: 16ms -->
  </step><!-- duration: 64ms -->
  <step title="OneDeploy" date="2025-10-25T22:01:29.786" >
    <step title="Starting PushDeployAsync" date="2025-10-25T22:01:29.801" /><!-- duration: 19ms -->
    <step title="Writing artifact to /tmp/zipdeploy/a414764e-490a-4acd-b42c-21d402780cec.zip" date="2025-10-25T22:01:29.836" >
      <step title="Writing multipart request body to /tmp/zipdeploy/a414764e-490a-4acd-b42c-21d402780cec.zip" date="2025-10-25T22:01:29.841" /><!-- duration: 10ms -->
    </step><!-- duration: 2874ms -->
    <step title="Start deployment in the background" date="2025-10-25T22:01:32.786" >
      <step title="Acquiring Deployment Lock" date="2025-10-25T22:01:32.978" /><!-- duration: 28ms -->
      <step title="Cannot Acquire Deployment Lock already held" date="2025-10-25T22:01:33.064" /><!-- duration: 18ms -->
    </step><!-- duration: 492ms -->
    <step title="There is a deployment currently in progress. Please try again when it completes." date="2025-10-25T22:01:33.294" /><!-- duration: 30ms -->
  </step><!-- duration: 3551ms -->
  <step title="Outgoing response" date="2025-10-25T22:01:33.359" type="response" statusCode="409" statusText="Conflict" /><!-- duration: 21ms -->
</step><!-- duration: 3703ms -->
