<step title="Incoming Request" date="2025-10-26T08:11:28.172" instance="504896" url="/api/deployments/latest?deployer=OneDeploy&amp;time=2025-10-26_08-11-12Z" method="GET" type="request" pid="833,1,7" Host="ecomm-app-4379.scm.azurewebsites.net" User-Agent="GITHUBACTIONS_DeployWebAppToAzure_85a8437dad18d601054a5ca9a5ef62e71eefa3c9ac7d843e02553bb9af9d5c17" Authorization="Bea..." Content-Type="application/json; charset=utf-8" Cookie="ARRAffinity=504896c031d2fcb93e96c5b802e958a974f760ea45aef3813e22443ccf4d3a0c;Path=/;HttpOnly;Secure;Domain=ecomm-app-4379.scm.azurewebsites.net; ARRAffinitySameSite=504896c031d2fcb93e96c5b802e958a974f760ea45aef3813e22443ccf4d3a0c;Path=/;HttpOnly;SameSite=None;Secure;Domain=ecomm-app-4379.scm.azurewebsites.net" Content-Length="0" X-ARR-LOG-ID="078275cf-b30b-4938-998b-eb4c28f10340" CLIENT-IP="4.236.173.18:27648" X-SITE-DEPLOYMENT-ID="ecomm-app-4379" WAS-DEFAULT-HOSTNAME="ecomm-app-4379.scm.azurewebsites.net" X-Forwarded-Proto="https" X-AppService-Proto="https" X-Forwarded-TlsVersion="1.3" X-WAWS-Unencoded-URL="/api/deployments/latest?deployer=OneDeploy&amp;time=2025-10-26_08-11-12Z" X-Client-IP="4.236.173.18" X-Client-Port="27648" >
  <step title="Cleanup Xml Logs" date="2025-10-26T08:11:28.175" >
    <step title="Cleanup Infos" date="2025-10-26T08:11:28.205" totalFiles="410" totalCleanup="250" /><!-- duration: 10ms -->
  </step><!-- duration: 43ms -->
  <step title="DeploymentService.GetResult" date="2025-10-26T08:11:28.234" >
    <step title="DeploymentService.GetLatestDeployment" date="2025-10-26T08:11:28.250" >
      <step title="DeploymentManager.GetResults" date="2025-10-26T08:11:28.284" /><!-- duration: 965ms -->
    </step><!-- duration: 1009ms -->
  </step><!-- duration: 1029ms -->
  <step title="Outgoing response" date="2025-10-26T08:11:29.275" type="response" statusCode="202" statusText="Accepted" /><!-- duration: 7ms -->
</step><!-- duration: 1115ms -->
