<step title="BackgroundTrace" date="2025-10-26T07:19:58.417" instance="504896" url="/api/publish" method="POST" >
  <step title="Cleanup Xml Logs" date="2025-10-26T07:19:58.426" >
    <step title="Cleanup Infos" date="2025-10-26T07:19:58.461" totalFiles="387" totalCleanup="227" /><!-- duration: 10ms -->
  </step><!-- duration: 50ms -->
  <step title="Creating temporary deployment - FetchDeploymentManager" date="2025-10-26T07:19:59.028" /><!-- duration: 8ms -->
  <step title="Creating temporary deployment" date="2025-10-26T07:19:59.099" /><!-- duration: 223ms -->
  <step title="Performing fetch based deployment" date="2025-10-26T07:19:59.615" >
    <step title="Deployment timer started" date="2025-10-26T07:20:03.030" >
      <step title="DeploymentManager.Deploy(id:22860d6c-2c42-40ba-96fc-ee3f4bc6c961)" date="2025-10-26T07:20:03.051" >
        <step title="Collecting changeset information" date="2025-10-26T07:20:03.115" /><!-- duration: 338ms -->
        <step title="Updating submodules" date="2025-10-26T07:20:03.511" /><!-- duration: 1457ms -->
        <step title="Determining deployment builder" date="2025-10-26T07:20:09.106" >
          <step title="Builder is RunFromZipSiteBuilder" date="2025-10-26T07:20:09.136" /><!-- duration: 18ms -->
        </step><!-- duration: 58ms -->
        <step title="PreDeployment: context.CleanOutputPath False" date="2025-10-26T07:20:10.525" >
          <step title="PreDeployment: context.OutputPath /home/site/wwwroot" date="2025-10-26T07:20:10.706" >
            <step title="Building" date="2025-10-26T07:20:10.885" >
              <step title="Modified file to trigger a restart of the app container." date="2025-10-26T07:20:11.453" /><!-- duration: 7ms -->
              <step title="Skip function trigger and logicapp sync because function is not enabled." date="2025-10-26T07:20:11.476" /><!-- duration: 13ms -->
              <step title="Purge deployment items" date="2025-10-26T07:20:13.461" >
                <step title="Remove c2d177e6-, Success, received at 10/25/2025 22:01:52" date="2025-10-26T07:20:13.693" /><!-- duration: 5ms -->
              </step><!-- duration: 243ms -->
            </step><!-- duration: 2998ms -->
          </step><!-- duration: 3197ms -->
          <step title="Cleaning up temp files" date="2025-10-26T07:20:13.907" /><!-- duration: 28ms -->
          <step title="Cleaning up temp files" date="2025-10-26T07:20:13.943" /><!-- duration: 533ms -->
          <step title="Reloading status file with latest updates" date="2025-10-26T07:20:14.555" >
            <step title="WebHooksManager.PublishEventAsync: PostDeployment" date="2025-10-26T07:20:14.585" /><!-- duration: 899ms -->
          </step><!-- duration: 957ms -->
          <step title="Cleaning up temporary deployment - fetch deployment was successful" date="2025-10-26T07:20:15.533" /><!-- duration: 26ms -->
        </step><!-- duration: 5132ms -->
      </step><!-- duration: 12701ms -->
