<step title="Incoming Request" date="2025-10-26T07:19:54.638" instance="504896" url="/api/publish?type=zip&amp;async=True" method="POST" type="request" pid="831,1,28" Accept="*/*" Host="ecomm-app-4379.scm.azurewebsites.net" User-Agent="AZURECLI/2.78.0 (MSI)" Accept-Encoding="gzip, deflate" Authorization="Bea..." Cache-Control="no-cache" Content-Type="application/octet-stream" Cookie="ARRAffinity=504896c031d2fcb93e96c5b802e958a974f760ea45aef3813e22443ccf4d3a0c; ARRAffinitySameSite=504896c031d2fcb93e96c5b802e958a974f760ea45aef3813e22443ccf4d3a0c" Content-Length="22868445" x-ms-client-request-id="20b21dea-b23c-11f0-a705-00e04f06f700" x-ms-artifact-checksum="103ab8278127054b4fe301e30f330b9b9d34274e45ee07cc396e3d9633925c46" X-ARR-LOG-ID="20b21dea-b23c-11f0-a705-00e04f06f700" CLIENT-IP="114.79.174.8:50041" X-SITE-DEPLOYMENT-ID="ecomm-app-4379" WAS-DEFAULT-HOSTNAME="ecomm-app-4379.scm.azurewebsites.net" X-Forwarded-Proto="https" X-AppService-Proto="https" X-Forwarded-TlsVersion="1.3" X-WAWS-Unencoded-URL="/api/publish?type=zip&amp;async=True" X-Client-IP="114.79.174.8" X-Client-Port="50041" >
  <step title="Cleanup Xml Logs" date="2025-10-26T07:19:54.657" >
    <step title="Cleanup Infos" date="2025-10-26T07:19:54.703" totalFiles="386" totalCleanup="226" /><!-- duration: 8ms -->
  </step><!-- duration: 60ms -->
  <step title="OneDeploy" date="2025-10-26T07:19:55.764" >
    <step title="None repository commit" date="2025-10-26T07:19:55.834" >
      <step title="Commit id: 22860d6c-2c42-40ba-96fc-ee3f4bc6c961" date="2025-10-26T07:19:55.851" Message="N/A" AuthorName="N/A" AuthorEmail="N/A" /><!-- duration: 4ms -->
    </step><!-- duration: 30ms -->
    <step title="Starting PushDeployAsync" date="2025-10-26T07:19:55.871" /><!-- duration: 5ms -->
    <step title="WEBSITE_RUN_FROM_PACKAGE is set to 1. Writing zip to SitePackagesPath" date="2025-10-26T07:19:55.965" /><!-- duration: 12ms -->
    <step title="Copying zip to SitePackages /home/data/SitePackages/20251026071955.zip from request body" date="2025-10-26T07:19:55.987" /><!-- duration: 8ms -->
    <step title="Writing multipart request body to /home/data/SitePackages/20251026071955.zip" date="2025-10-26T07:19:56.005" /><!-- duration: 15ms -->
    <step title="Deleting outdated zip file /home/data/SitePackages/20251025230552.zip" date="2025-10-26T07:19:58.346" /><!-- duration: 28ms -->
    <step title="Start deployment in the background" date="2025-10-26T07:19:58.405" >
      <step title="Acquiring Deployment Lock" date="2025-10-26T07:19:58.496" /><!-- duration: 17ms -->
      <step title="Acquired Deployment Lock" date="2025-10-26T07:19:59.017" /><!-- duration: 7ms -->
    </step><!-- duration: 928ms -->
  </step><!-- duration: 3685ms -->
  <step title="Outgoing response" date="2025-10-26T07:19:59.524" type="response" statusCode="202" statusText="Accepted" /><!-- duration: 29ms -->
</step><!-- duration: 4923ms -->
