<step title="Incoming Request" date="2025-10-25T21:30:03.094" instance="504896" url="/api/zipdeploy?isAsync=true" method="POST" type="request" pid="833,1,7" Accept="*/*" Host="ecomm-app-4379.scm.azurewebsites.net" User-Agent="AZURECLI/2.78.0 (MSI)" Accept-Encoding="gzip, deflate" Authorization="Bea..." Cache-Control="no-cache" Content-Type="application/octet-stream" Content-Length="4145183" x-ms-client-request-id="c09c47e6-b1e9-11f0-9f3f-00e04f06f700" x-ms-artifact-checksum="e3402fb00aa043394fc857c6fcb60115104f72277b9a35fbdb7f4c1cfce6bbdf" X-ARR-LOG-ID="c09c47e6-b1e9-11f0-9f3f-00e04f06f700" CLIENT-IP="182.48.210.98:33160" X-SITE-DEPLOYMENT-ID="ecomm-app-4379" WAS-DEFAULT-HOSTNAME="ecomm-app-4379.scm.azurewebsites.net" X-Forwarded-Proto="https" X-AppService-Proto="https" X-Forwarded-TlsVersion="1.3" X-WAWS-Unencoded-URL="/api/zipdeploy?isAsync=true" X-Client-IP="182.48.210.98" X-Client-Port="33160" >
  <step title="Cleanup Xml Logs" date="2025-10-25T21:30:03.189" >
    <step title="Cleanup Infos" date="2025-10-25T21:30:03.360" totalFiles="222" totalCleanup="62" /><!-- duration: 48ms -->
  </step><!-- duration: 248ms -->
  <step title="ZipPushDeploy" date="2025-10-25T21:30:03.780" >
    <step title="ZipDeploy. Extract zip. Remote build." date="2025-10-25T21:30:03.869" /><!-- duration: 29ms -->
    <step title="Starting PushDeployAsync" date="2025-10-25T21:30:03.938" /><!-- duration: 17ms -->
    <step title="Writing artifact to /tmp/zipdeploy/2f9b46ea-916c-48fa-b20d-f8733bb0e624.zip" date="2025-10-25T21:30:04.027" >
      <step title="Writing multipart request body to /tmp/zipdeploy/2f9b46ea-916c-48fa-b20d-f8733bb0e624.zip" date="2025-10-25T21:30:04.094" /><!-- duration: 76ms -->
    </step><!-- duration: 1246ms -->
    <step title="Start deployment in the background" date="2025-10-25T21:30:05.379" >
      <step title="Acquiring Deployment Lock" date="2025-10-25T21:30:05.486" /><!-- duration: 20ms -->
      <step title="Acquired Deployment Lock" date="2025-10-25T21:30:05.784" /><!-- duration: 11ms -->
    </step><!-- duration: 1091ms -->
  </step><!-- duration: 2777ms -->
  <step title="Outgoing response" date="2025-10-25T21:30:06.602" type="response" statusCode="202" statusText="Accepted" /><!-- duration: 10ms -->
</step><!-- duration: 3536ms -->
