<step title="Incoming Request" date="2025-10-25T22:20:33.196" instance="504896" url="/api/deployments/latest?deployer=OneDeploy&amp;time=2025-10-25_22-20-25Z" method="GET" type="request" pid="833,1,20" Host="ecomm-app-4379.scm.azurewebsites.net" User-Agent="GITHUBACTIONS_DeployWebAppToAzure_85a8437dad18d601054a5ca9a5ef62e71eefa3c9ac7d843e02553bb9af9d5c17" Authorization="Bea..." Content-Type="application/json; charset=utf-8" Cookie="ARRAffinity=504896c031d2fcb93e96c5b802e958a974f760ea45aef3813e22443ccf4d3a0c;Path=/;HttpOnly;Secure;Domain=ecomm-app-4379.scm.azurewebsites.net; ARRAffinitySameSite=504896c031d2fcb93e96c5b802e958a974f760ea45aef3813e22443ccf4d3a0c;Path=/;HttpOnly;SameSite=None;Secure;Domain=ecomm-app-4379.scm.azurewebsites.net" Content-Length="0" X-ARR-LOG-ID="b8a40ce1-752b-4c82-aff8-5c788f7a27b2" CLIENT-IP="57.151.138.6:24577" X-SITE-DEPLOYMENT-ID="ecomm-app-4379" WAS-DEFAULT-HOSTNAME="ecomm-app-4379.scm.azurewebsites.net" X-Forwarded-Proto="https" X-AppService-Proto="https" X-Forwarded-TlsVersion="1.3" X-WAWS-Unencoded-URL="/api/deployments/latest?deployer=OneDeploy&amp;time=2025-10-25_22-20-25Z" X-Client-IP="57.151.138.6" X-Client-Port="24577" >
  <step title="Cleanup Xml Logs" date="2025-10-25T22:20:33.206" >
    <step title="Cleanup Infos" date="2025-10-25T22:20:33.244" totalFiles="273" totalCleanup="113" /><!-- duration: 12ms -->
  </step><!-- duration: 75ms -->
  <step title="DeploymentService.GetResult" date="2025-10-25T22:20:33.322" >
    <step title="DeploymentService.GetLatestDeployment" date="2025-10-25T22:20:33.332" >
      <step title="DeploymentManager.GetResults" date="2025-10-25T22:20:33.342" /><!-- duration: 579ms -->
    </step><!-- duration: 599ms -->
  </step><!-- duration: 622ms -->
  <step title="Outgoing response" date="2025-10-25T22:20:33.956" type="response" statusCode="202" statusText="Accepted" /><!-- duration: 5ms -->
</step><!-- duration: 769ms -->
