<step title="Incoming Request" date="2025-10-25T20:31:33.532" instance="504896" url="/api/publish?type=zip&amp;async=False" method="POST" type="request" pid="833,1,31" Accept="*/*" Host="ecomm-app-4379.scm.azurewebsites.net" User-Agent="AZURECLI/2.78.0 (MSI)" Accept-Encoding="gzip, deflate" Authorization="Bea..." Cache-Control="no-cache" Content-Type="application/octet-stream" Cookie="ARRAffinity=504896c031d2fcb93e96c5b802e958a974f760ea45aef3813e22443ccf4d3a0c; ARRAffinitySameSite=504896c031d2fcb93e96c5b802e958a974f760ea45aef3813e22443ccf4d3a0c" Content-Length="5343096" x-ms-client-request-id="92657eeb-b1e1-11f0-8703-00e04f06f700" x-ms-artifact-checksum="a325f5c77ae687eb3bc6f4bf796abbbcb36ec43ac63851983d0ac8730343f38d" X-ARR-LOG-ID="92657eeb-b1e1-11f0-8703-00e04f06f700" CLIENT-IP="182.48.210.98:33567" X-SITE-DEPLOYMENT-ID="ecomm-app-4379" WAS-DEFAULT-HOSTNAME="ecomm-app-4379.scm.azurewebsites.net" X-Forwarded-Proto="https" X-AppService-Proto="https" X-Forwarded-TlsVersion="1.3" X-WAWS-Unencoded-URL="/api/publish?type=zip&amp;async=False" X-Client-IP="182.48.210.98" X-Client-Port="33567" >
  <step title="OneDeploy" date="2025-10-25T20:31:33.553" >
    <step title="Starting PushDeployAsync" date="2025-10-25T20:31:33.590" /><!-- duration: 22ms -->
    <step title="Writing artifact to /tmp/zipdeploy/f67e636e-bfe5-4a5a-980f-9e1e443f6a6a.zip" date="2025-10-25T20:31:33.642" >
      <step title="Writing multipart request body to /tmp/zipdeploy/f67e636e-bfe5-4a5a-980f-9e1e443f6a6a.zip" date="2025-10-25T20:31:33.654" /><!-- duration: 28ms -->
    </step><!-- duration: 870ms -->
    <step title="Attempting to fetch target branch HEAD" date="2025-10-25T20:31:34.549" /><!-- duration: 20ms -->
    <step title="Acquiring Deployment Lock" date="2025-10-25T20:31:34.577" /><!-- duration: 22ms -->
    <step title="Acquired Deployment Lock" date="2025-10-25T20:31:34.659" /><!-- duration: 10ms -->
    <step title="Performing fetch based deployment" date="2025-10-25T20:31:34.701" >
      <step title="Creating temporary deployment" date="2025-10-25T20:31:34.736" /><!-- duration: 145ms -->
      <step title="Releasing Deployment Lock" date="2025-10-25T20:31:36.196" /><!-- duration: 38ms -->
      <step title="Cleaning up temp folders from previous zip deployments and extracting pushed zip file /tmp/zipdeploy/f67e636e-bfe5-4a5a-980f-9e1e443f6a6a.zip (5.10 MB) to /tmp/zipdeploy/extracted" date="2025-10-25T20:31:36.388" >
        <step title="ChmodRecursive Process exited with total time taken in ms: 193" date="2025-10-25T20:31:41.697" /><!-- duration: 12ms -->
      </step><!-- duration: 5340ms -->
      <step title="None repository commit" date="2025-10-25T20:31:41.742" >
        <step title="Commit id: f3f76ff1-5390-4ce7-8f08-37eeb1f16d47" date="2025-10-25T20:31:41.752" Message="OneDeploy" AuthorName="N/A" AuthorEmail="N/A" /><!-- duration: 25ms -->
      </step><!-- duration: 51ms -->
      <step title="Deployment timer started" date="2025-10-25T20:31:43.897" >
        <step title="DeploymentManager.Deploy(id:f3f76ff1-5390-4ce7-8f08-37eeb1f16d47)" date="2025-10-25T20:31:43.916" >
          <step title="Collecting changeset information" date="2025-10-25T20:31:44.089" /><!-- duration: 156ms -->
          <step title="Updating submodules" date="2025-10-25T20:31:44.259" /><!-- duration: 1431ms -->
          <step title="Determining deployment builder" date="2025-10-25T20:31:46.479" >
            <step title="Builder is OneDeployBuilder" date="2025-10-25T20:31:46.508" /><!-- duration: 11ms -->
          </step><!-- duration: 66ms -->
          <step title="PreDeployment: context.CleanOutputPath False" date="2025-10-25T20:31:46.609" >
            <step title="PreDeployment: context.OutputPath /home/site/wwwroot" date="2025-10-25T20:31:46.773" >
              <step title="Building" date="2025-10-25T20:31:46.941" >
                <step title="Executing external process" date="2025-10-25T20:31:49.348" type="process" path="starter.sh" arguments="/opt/Kudu/Scripts/parallel_rsync.sh /tmp/zipdeploy/extracted /home/site/wwwroot 8 /tmp/ False False  " >
                  <step title="Error occurred" date="2025-10-25T20:35:38.768" type="error" text="Deployment has been stopped due to SCM container restart. The restart can happen due to a management operation on site. Do not perform a management operation and a deployment operation in quick succession. Adding a small delay can help avoid any conflicts." /><!-- duration: 12ms -->
                  <step title="Killing external process" date="2025-10-25T20:35:38.799" >
                    <step title="Abort Process &apos;rsync(1593)&apos;." date="2025-10-25T20:35:38.927" /><!-- duration: 27ms -->
                    <step title="Abort Process &apos;rsync(1592)&apos;." date="2025-10-25T20:35:38.966" /><!-- duration: 12ms -->
                    <step title="Abort Process &apos;rsync(1600)&apos;." date="2025-10-25T20:35:38.992" /><!-- duration: 8ms -->
                    <step title="Abort Process &apos;rsync(1599)&apos;." date="2025-10-25T20:35:39.010" /><!-- duration: 11ms -->
                    <step title="Abort Process &apos;rsync(1598)&apos;." date="2025-10-25T20:35:39.031" /><!-- duration: 8ms -->
                    <step title="Abort Process &apos;bash(1516)&apos;." date="2025-10-25T20:35:39.050" /><!-- duration: 7ms -->
                    <step title="Abort Process &apos;rsync(1587)&apos;." date="2025-10-25T20:35:39.067" /><!-- duration: 8ms -->
                    <step title="Abort Process &apos;rsync(1586)&apos;." date="2025-10-25T20:35:39.084" /><!-- duration: 7ms -->
                    <step title="Abort Process &apos;rsync(1585)&apos;." date="2025-10-25T20:35:39.102" /><!-- duration: 7ms -->
                    <step title="Abort Process &apos;bash(1520)&apos;." date="2025-10-25T20:35:39.119" /><!-- duration: 16ms -->
                    <step title="Abort Process &apos;rsync(1590)&apos;." date="2025-10-25T20:35:39.145" /><!-- duration: 7ms -->
                    <step title="Abort Process &apos;rsync(1589)&apos;." date="2025-10-25T20:35:39.161" /><!-- duration: 8ms -->
                    <step title="Abort Process &apos;rsync(1588)&apos;." date="2025-10-25T20:35:39.179" /><!-- duration: 8ms -->
                    <step title="Abort Process &apos;bash(1521)&apos;." date="2025-10-25T20:35:39.196" /><!-- duration: 9ms -->
                    <step title="Abort Process &apos;rsync(1580)&apos;." date="2025-10-25T20:35:39.214" /><!-- duration: 8ms -->
                    <step title="Abort Process &apos;rsync(1579)&apos;." date="2025-10-25T20:35:39.234" /><!-- duration: 8ms -->
                    <step title="Abort Process &apos;rsync(1578)&apos;." date="2025-10-25T20:35:39.251" /><!-- duration: 11ms -->
                    <step title="Abort Process &apos;bash(1522)&apos;." date="2025-10-25T20:35:39.285" /><!-- duration: 11ms -->
                    <step title="Abort Process &apos;rsync(1606)&apos;." date="2025-10-25T20:35:39.304" /><!-- duration: 13ms -->
                    <step title="Abort Process &apos;rsync(1605)&apos;." date="2025-10-25T20:35:39.347" /><!-- duration: 29ms -->
                    <step title="Abort Process &apos;rsync(1602)&apos;." date="2025-10-25T20:35:39.400" /><!-- duration: 4ms -->
                    <step title="Abort Process &apos;bash(1523)&apos;." date="2025-10-25T20:35:39.410" /><!-- duration: 12ms -->
                    <step title="Abort Process &apos;xargs(1511)&apos;." date="2025-10-25T20:35:39.436" /><!-- duration: 10ms -->
                    <step title="Abort Process &apos;parallel_rsync.sh(1501)&apos;." date="2025-10-25T20:35:39.455" /><!-- duration: 8ms -->
