<step title="Incoming Request" date="2025-10-25T22:01:21.793" instance="504896" url="/api/publish?async=true&amp;deployer=GITHUB_ONE_DEPLOY&amp;type=zip&amp;message=%7B%22type%22%3A%22deployment%22%2C%22sha%22%3A%22557c8145a26035c86b906980f44dc6688f7e7396%22%2C%22repoName%22%3A%22VengurlekarMayuresh%2FEcommerce%22%2C%22actor%22%3A%22VengurlekarMayuresh%22%2C%22slotName%22%3A%22Production%22%2C%22commitMessage%22%3A%22Add%20Azure%20deployment%20workflow%22%7D" method="POST" type="request" pid="834,1,41" Host="ecomm-app-4379.scm.azurewebsites.net" User-Agent="GITHUBACTIONS_DeployWebAppToAzure_85a8437dad18d601054a5ca9a5ef62e71eefa3c9ac7d843e02553bb9af9d5c17" Authorization="Bea..." Content-Type="application/octet-stream" Cookie="ARRAffinity=504896c031d2fcb93e96c5b802e958a974f760ea45aef3813e22443ccf4d3a0c;Path=/;HttpOnly;Secure;Domain=ecomm-app-4379.scm.azurewebsites.net; ARRAffinitySameSite=504896c031d2fcb93e96c5b802e958a974f760ea45aef3813e22443ccf4d3a0c;Path=/;HttpOnly;SameSite=None;Secure;Domain=ecomm-app-4379.scm.azurewebsites.net" Transfer-Encoding="chunked" X-ARR-LOG-ID="b7f63655-558f-498e-97ec-2923ae5f3e6a" CLIENT-IP="145.132.99.132:20504" X-SITE-DEPLOYMENT-ID="ecomm-app-4379" WAS-DEFAULT-HOSTNAME="ecomm-app-4379.scm.azurewebsites.net" X-Forwarded-Proto="https" X-AppService-Proto="https" X-Forwarded-TlsVersion="1.3" X-WAWS-Unencoded-URL="/api/publish?async=true&amp;deployer=GITHUB_ONE_DEPLOY&amp;type=zip&amp;message=%7B%22type%22%3A%22deployment%22%2C%22sha%22%3A%22557c8145a26035c86b906980f44dc6688f7e7396%22%2C%22repoName%22%3A%22VengurlekarMayuresh%2FEcommerce%22%2C%22actor%22%3A%22VengurlekarMayuresh%22%2C%22slotName%22%3A%22Production%22%2C%22commitMessage%22%3A%22Add%20Azure%20deployment%20workflow%22%7D" X-Client-IP="145.132.99.132" X-Client-Port="20504" >
  <step title="Cleanup Xml Logs" date="2025-10-25T22:01:21.825" >
    <step title="Cleanup Infos" date="2025-10-25T22:01:21.893" totalFiles="236" totalCleanup="76" /><!-- duration: 21ms -->
  </step><!-- duration: 106ms -->
  <step title="OneDeploy" date="2025-10-25T22:01:21.997" >
    <step title="Starting PushDeployAsync" date="2025-10-25T22:01:22.011" /><!-- duration: 7ms -->
    <step title="Writing artifact to /tmp/zipdeploy/4cca5898-dd61-4296-b406-23af97a1d442.zip" date="2025-10-25T22:01:22.041" >
      <step title="Writing multipart request body to /tmp/zipdeploy/4cca5898-dd61-4296-b406-23af97a1d442.zip" date="2025-10-25T22:01:22.050" /><!-- duration: 9ms -->
    </step><!-- duration: 4541ms -->
    <step title="Start deployment in the background" date="2025-10-25T22:01:26.608" >
      <step title="Acquiring Deployment Lock" date="2025-10-25T22:01:26.736" /><!-- duration: 9ms -->
      <step title="Cannot Acquire Deployment Lock already held" date="2025-10-25T22:01:26.772" /><!-- duration: 4ms -->
    </step><!-- duration: 455ms -->
    <step title="There is a deployment currently in progress. Please try again when it completes." date="2025-10-25T22:01:27.095" /><!-- duration: 9ms -->
  </step><!-- duration: 5124ms -->
  <step title="Outgoing response" date="2025-10-25T22:01:27.143" type="response" statusCode="409" statusText="Conflict" /><!-- duration: 36ms -->
</step><!-- duration: 5425ms -->
