<step title="BackgroundTrace" date="2025-10-25T22:21:11.356" instance="504896" url="/api/publish" method="POST" >
  <step title="Cleanup Xml Logs" date="2025-10-25T22:21:11.363" >
    <step title="Cleanup Infos" date="2025-10-25T22:21:11.381" totalFiles="280" totalCleanup="120" /><!-- duration: 6ms -->
  </step><!-- duration: 31ms -->
  <step title="Creating temporary deployment - FetchDeploymentManager" date="2025-10-25T22:21:11.466" /><!-- duration: 5ms -->
  <step title="Creating temporary deployment" date="2025-10-25T22:21:11.478" /><!-- duration: 83ms -->
  <step title="Performing fetch based deployment" date="2025-10-25T22:21:11.618" >
    <step title="Cleaning up temp folders from previous zip deployments and extracting pushed zip file /tmp/zipdeploy/f75858da-1ca4-4756-a3e7-397d1c452060.zip (41.28 MB) to /tmp/zipdeploy/extracted" date="2025-10-25T22:21:12.829" >
      <step title="ChmodRecursive Process exited with total time taken in ms: 418" date="2025-10-25T22:21:32.825" /><!-- duration: 12ms -->
    </step><!-- duration: 20021ms -->
    <step title="Deployment timer started" date="2025-10-25T22:21:34.866" >
      <step title="DeploymentManager.Deploy(id:1d2f0398-4dac-4f0a-8be8-d2468771e7b9)" date="2025-10-25T22:21:34.875" >
        <step title="Collecting changeset information" date="2025-10-25T22:21:34.922" /><!-- duration: 128ms -->
        <step title="Updating submodules" date="2025-10-25T22:21:35.058" /><!-- duration: 1151ms -->
        <step title="Determining deployment builder" date="2025-10-25T22:21:36.434" >
          <step title="Builder is OryxBuilder" date="2025-10-25T22:21:36.467" /><!-- duration: 11ms -->
        </step><!-- duration: 50ms -->
        <step title="PreDeployment: context.CleanOutputPath False" date="2025-10-25T22:21:36.550" >
          <step title="PreDeployment: context.OutputPath /home/site/wwwroot" date="2025-10-25T22:21:36.711" >
            <step title="Building" date="2025-10-25T22:21:36.925" >
              <step title="Executing external process" date="2025-10-25T22:21:37.404" type="process" path="bash" arguments="-c &quot;oryx build /tmp/zipdeploy/extracted -o /home/site/wwwroot --platform nodejs --platform-version 20 -p virtualenv_name= --log-file /tmp/build-debug.log  -i /tmp/8de1414dc875966 -p compress_node_modules=tar-gz | tee /tmp/oryx-build.log ; exit $PIPESTATUS &quot;" >
                <step title="Cpu: npm install(1110,27.340s)+build.sh(1002,0.050s)+oryx(982,5.430s)+tee(983,0.000s)+bash(981,0.010s)=total(32.830s)" date="2025-10-25T22:23:15.060" /><!-- duration: 19ms -->
                <step title="bash: no io activity for 60s, prev-cpu=-1.000s, current-cpu=32.830s" date="2025-10-25T22:23:15.095" /><!-- duration: 21ms -->
                <step title="Error occurred" date="2025-10-25T22:23:28.863" type="error" text="Deployment has been stopped due to SCM container restart. The restart can happen due to a management operation on site. Do not perform a management operation and a deployment operation in quick succession. Adding a small delay can help avoid any conflicts." /><!-- duration: 6ms -->
                <step title="Killing external process" date="2025-10-25T22:23:28.873" >
                  <step title="Abort Process &apos;gzip(1153)&apos;." date="2025-10-25T22:23:28.894" /><!-- duration: 14ms -->
                  <step title="Abort Process &apos;sh(1152)&apos;." date="2025-10-25T22:23:28.922" /><!-- duration: 7ms -->
                  <step title="Abort Process &apos;tar(1151)&apos;." date="2025-10-25T22:23:28.937" /><!-- duration: 9ms -->
                  <step title="Abort Process &apos;build.sh(1002)&apos;." date="2025-10-25T22:23:28.964" /><!-- duration: 11ms -->
                  <step title="Abort Process &apos;oryx(982)&apos;." date="2025-10-25T22:23:29.000" /><!-- duration: 10ms -->
                  <step title="Abort Process &apos;bash(981)&apos;." date="2025-10-25T22:23:29.021" /><!-- duration: 11ms -->
>
                  <step title="Process dump" date="2025-10-25T22:23:29.049" exitCode="137" type="processOutput" /><!-- duration: 32ms -->
                </step><!-- duration: 227ms -->
                <step title="Error occurred" date="2025-10-25T22:23:29.183" type="error" text="npm warn deprecated q@1.5.1: You or someone you depend on is using Q, the JavaScript Promise library that gave JavaScript developers strong feelings about promises. They can almost certainly migrate to the native JavaScript promise now. Thank you literally everyone for joining me in this bet against the odds. Be excellent to each other.
npm warn deprecated
npm warn deprecated (For a CapTP with native promises, see @endo/eventual-send and @endo/captp)
Killed
/tmp/BuildScriptGenerator/c4d8cd6e3b8d4601bcedddccaf6ee8ce/build.sh: line 447:  1151 Killed                  tar -zcf ../$zippedModulesFileName .
/bin/bash -c &quot;oryx build /tmp/zipdeploy/extracted -o /home/site/wwwroot --platform nodejs --platform-version 20 -p virtualenv_name= --log-file /tmp/build-debug.log  -i /tmp/8de1414dc875966 -p compress_node_modules=tar-gz | tee /tmp/oryx-build.log ; exit $PIPESTATUS &quot;" stackTrace="   at Kudu.Core.Infrastructure.Executable.ExecuteInternal(ITracer tracer, Func`2 onWriteOutput, Func`2 onWriteError, CancellationToken token, Encoding encoding, String arguments, Object[] args) in /tmp/KuduLite/Kudu.Core/Infrastructure/Executable.cs:line 239
   at Kudu.Core.Infrastructure.Executable.ExecuteWithProgressWriter(ILogger logger, ITracer tracer, CancellationToken token, String arguments, Object[] args) in /tmp/KuduLite/Kudu.Core/Infrastructure/Executable.cs:line 118
   at Kudu.Core.Deployment.Generator.ExternalCommandBuilder.RunCommand(DeploymentContext context, String command, Boolean ignoreManifest, CancellationToken token, String message) in /tmp/KuduLite/Kudu.Core/Deployment/Generator/ExternalCommandBuilder.cs:line 122" /><!-- duration: 19ms -->
                <step title="Error occurred" date="2025-10-25T22:23:29.223" type="error" text="npm warn deprecated q@1.5.1: You or someone you depend on is using Q, the JavaScript Promise library that gave JavaScript developers strong feelings about promises. They can almost certainly migrate to the native JavaScript promise now. Thank you literally everyone for joining me in this bet against the odds. Be excellent to each other.
npm warn deprecated
npm warn deprecated (For a CapTP with native promises, see @endo/eventual-send and @endo/captp)
Killed
/tmp/BuildScriptGenerator/c4d8cd6e3b8d4601bcedddccaf6ee8ce/build.sh: line 447:  1151 Killed                  tar -zcf ../$zippedModulesFileName .
/bin/bash -c &quot;oryx build /tmp/zipdeploy/extracted -o /home/site/wwwroot --platform nodejs --platform-version 20 -p virtualenv_name= --log-file /tmp/build-debug.log  -i /tmp/8de1414dc875966 -p compress_node_modules=tar-gz | tee /tmp/oryx-build.log ; exit $PIPESTATUS &quot;" stackTrace="   at Kudu.Core.Infrastructure.Executable.ExecuteInternal(ITracer tracer, Func`2 onWriteOutput, Func`2 onWriteError, CancellationToken token, Encoding encoding, String arguments, Object[] args) in /tmp/KuduLite/Kudu.Core/Infrastructure/Executable.cs:line 239
   at Kudu.Core.Infrastructure.Executable.ExecuteWithProgressWriter(ILogger logger, ITracer tracer, CancellationToken token, String arguments, Object[] args) in /tmp/KuduLite/Kudu.Core/Infrastructure/Executable.cs:line 118
   at Kudu.Core.Deployment.Generator.ExternalCommandBuilder.RunCommand(DeploymentContext context, String command, Boolean ignoreManifest, CancellationToken token, String message) in /tmp/KuduLite/Kudu.Core/Deployment/Generator/ExternalCommandBuilder.cs:line 122
   at Kudu.Core.Deployment.Generator.OryxBuilder.RunBuildCommand(IOryxArguments args, DeploymentContext context, CancellationToken token) in /tmp/KuduLite/Kudu.Core/Deployment/Generator/OryxBuilder.cs:line 295
   at Kudu.Core.Deployment.Generator.OryxBuilder.Build(DeploymentContext context, CancellationToken token) in /tmp/KuduLite/Kudu.Core/Deployment/Generator/OryxBuilder.cs:line 136
   at Kudu.Core.Deployment.DeploymentManager.Build(ChangeSet changeSet, ITracer tracer, IDisposable deployStep, IRepository repository, DeploymentInfoBase deploymentInfo, DeploymentAnalytics deploymentAnalytics, Boolean fullBuildByDefault, CancellationToken cancellationToken) in /tmp/KuduLite/Kudu.Core/Deployment/DeploymentManager.cs:line 771" /><!-- duration: 39ms -->
                <step title="Using GenericDeploymentLogParser" date="2025-10-25T22:23:29.542" /><!-- duration: 58ms -->
