﻿<?xml version="1.0" encoding="utf-8"?>
<deployment>
  <id>98e0d0c7-90da-4e09-9942-4ff1d0133d72</id>
  <author>N/A</author>
  <deployer>OneDeploy</deployer>
  <authorEmail>N/A</authorEmail>
  <message>OneDeploy</message>
  <progress></progress>
  <status>Success</status>
  <statusText></statusText>
  <lastSuccessEndTime>2025-10-26T16:58:07.2786486Z</lastSuccessEndTime>
  <receivedTime>2025-10-26T16:58:04.2394571Z</receivedTime>
  <startTime>2025-10-26T16:58:05.6648357Z</startTime>
  <endTime>2025-10-26T16:58:07.2786486Z</endTime>
  <complete>True</complete>
  <is_temp>False</is_temp>
  <is_readonly>True</is_readonly>
  <buildSummary />
</deployment>