﻿<?xml version="1.0" encoding="utf-8"?>
<deployment>
  <id>5f7655f1-9e66-42cd-8cde-6e5a76e5f481</id>
  <author>N/A</author>
  <deployer>Push-Deployer</deployer>
  <authorEmail>N/A</authorEmail>
  <message>Created via a push deployment</message>
  <progress></progress>
  <status>Success</status>
  <statusText></statusText>
  <lastSuccessEndTime>2025-10-26T14:46:54.9076059Z</lastSuccessEndTime>
  <receivedTime>2025-10-26T14:46:51.7736499Z</receivedTime>
  <startTime>2025-10-26T14:46:53.2351144Z</startTime>
  <endTime>2025-10-26T14:46:54.9076059Z</endTime>
  <complete>True</complete>
  <is_temp>False</is_temp>
  <is_readonly>True</is_readonly>
  <buildSummary />
</deployment>