﻿<?xml version="1.0" encoding="utf-8"?>
<deployment>
  <id>6d24a4d1-d5df-4372-aaba-2e38c9d8dfff</id>
  <author>N/A</author>
  <deployer>OneDeploy</deployer>
  <authorEmail>N/A</authorEmail>
  <message>OneDeploy</message>
  <progress></progress>
  <status>Success</status>
  <statusText></statusText>
  <lastSuccessEndTime>2025-10-26T06:36:03.5539854Z</lastSuccessEndTime>
  <receivedTime>2025-10-26T06:35:58.8206442Z</receivedTime>
  <startTime>2025-10-26T06:36:00.4944354Z</startTime>
  <endTime>2025-10-26T06:36:03.5539854Z</endTime>
  <complete>True</complete>
  <is_temp>False</is_temp>
  <is_readonly>True</is_readonly>
  <buildSummary />
</deployment>