﻿<?xml version="1.0" encoding="utf-8"?>
<deployment>
  <id>c2d177e6-78b4-4a49-8a43-4773b7ef331e</id>
  <author>N/A</author>
  <deployer>OneDeploy</deployer>
  <authorEmail>N/A</authorEmail>
  <message>OneDeploy</message>
  <progress></progress>
  <status>Success</status>
  <statusText></statusText>
  <lastSuccessEndTime>2025-10-25T22:02:51.0564005Z</lastSuccessEndTime>
  <receivedTime>2025-10-25T22:01:52.5293632Z</receivedTime>
  <startTime>2025-10-25T22:01:53.9484682Z</startTime>
  <endTime>2025-10-25T22:02:51.0564005Z</endTime>
  <complete>True</complete>
  <is_temp>False</is_temp>
  <is_readonly>True</is_readonly>
  <buildSummary />
</deployment>