﻿<?xml version="1.0" encoding="utf-8"?>
<deployment>
  <id>69754fdf-06e9-44cc-85ee-9726f8b34a8e</id>
  <author>N/A</author>
  <deployer>Push-Deployer</deployer>
  <authorEmail>N/A</authorEmail>
  <message>Created via a push deployment</message>
  <progress></progress>
  <status>Success</status>
  <statusText></statusText>
  <lastSuccessEndTime>2025-10-26T06:10:00.5795825Z</lastSuccessEndTime>
  <receivedTime>2025-10-26T06:09:55.4828145Z</receivedTime>
  <startTime>2025-10-26T06:09:57.189047Z</startTime>
  <endTime>2025-10-26T06:10:00.5795825Z</endTime>
  <complete>True</complete>
  <is_temp>False</is_temp>
  <is_readonly>True</is_readonly>
  <buildSummary />
</deployment>