<step title="Incoming Request" date="2025-10-25T21:30:12.675" instance="504896" url="/api/deployments/latest" method="GET" type="request" pid="833,1,16" Accept="*/*" Host="ecomm-app-4379.scm.azurewebsites.net" User-Agent="AZURECLI/2.78.0 (MSI)" Accept-Encoding="gzip, deflate" Authorization="Bea..." x-ms-client-request-id="c09c47e6-b1e9-11f0-9f3f-00e04f06f700" X-ARR-LOG-ID="c09c47e6-b1e9-11f0-9f3f-00e04f06f700" CLIENT-IP="182.48.210.98:33203" X-SITE-DEPLOYMENT-ID="ecomm-app-4379" WAS-DEFAULT-HOSTNAME="ecomm-app-4379.scm.azurewebsites.net" X-Forwarded-Proto="https" X-AppService-Proto="https" X-Forwarded-TlsVersion="1.3" X-WAWS-Unencoded-URL="/api/deployments/latest" X-Client-IP="182.48.210.98" X-Client-Port="33203" >
  <step title="Cleanup Xml Logs" date="2025-10-25T21:30:12.682" >
    <step title="Cleanup Infos" date="2025-10-25T21:30:12.722" totalFiles="224" totalCleanup="64" /><!-- duration: 8ms -->
  </step><!-- duration: 53ms -->
  <step title="DeploymentService.GetResult" date="2025-10-25T21:30:12.759" >
    <step title="DeploymentService.GetLatestDeployment" date="2025-10-25T21:30:12.764" >
      <step title="DeploymentManager.GetResults" date="2025-10-25T21:30:12.790" /><!-- duration: 542ms -->
    </step><!-- duration: 587ms -->
  </step><!-- duration: 608ms -->
  <step title="Outgoing response" date="2025-10-25T21:30:13.485" type="response" statusCode="202" statusText="Accepted" /><!-- duration: 18ms -->
</step><!-- duration: 848ms -->
