<step title="Incoming Request" date="2025-10-25T21:12:53.550" instance="504896" url="/api/zipdeploy?isAsync=true" method="POST" type="request" pid="833,1,29" Accept="*/*" Host="ecomm-app-4379.scm.azurewebsites.net" User-Agent="AZURECLI/2.78.0 (MSI)" Accept-Encoding="gzip, deflate" Authorization="Bea..." Cache-Control="no-cache" Content-Type="application/octet-stream" Content-Length="5260844" x-ms-client-request-id="5b92719b-b1e7-11f0-a2e9-00e04f06f700" x-ms-artifact-checksum="83342e119c55f6c7e6c0557c33b9f06a8ff85bfaba0369855a9a7c7cf6e9ef9d" X-ARR-LOG-ID="5b92719b-b1e7-11f0-a2e9-00e04f06f700" CLIENT-IP="182.48.210.98:33257" X-SITE-DEPLOYMENT-ID="ecomm-app-4379" WAS-DEFAULT-HOSTNAME="ecomm-app-4379.scm.azurewebsites.net" X-Forwarded-Proto="https" X-AppService-Proto="https" X-Forwarded-TlsVersion="1.3" X-WAWS-Unencoded-URL="/api/zipdeploy?isAsync=true" X-Client-IP="182.48.210.98" X-Client-Port="33257" >
  <step title="Cleanup Xml Logs" date="2025-10-25T21:12:53.561" >
    <step title="Cleanup Infos" date="2025-10-25T21:12:53.581" totalFiles="201" totalCleanup="41" /><!-- duration: 18ms -->
  </step><!-- duration: 44ms -->
  <step title="ZipPushDeploy" date="2025-10-25T21:12:53.686" >
    <step title="ZipDeploy. Extract zip. Remote build." date="2025-10-25T21:12:53.705" /><!-- duration: 4ms -->
    <step title="Starting PushDeployAsync" date="2025-10-25T21:12:53.717" /><!-- duration: 6ms -->
    <step title="Writing artifact to /tmp/zipdeploy/d777acce-2024-4ea8-9963-6460bf3d101e.zip" date="2025-10-25T21:12:53.741" >
      <step title="Writing multipart request body to /tmp/zipdeploy/d777acce-2024-4ea8-9963-6460bf3d101e.zip" date="2025-10-25T21:12:53.746" /><!-- duration: 12ms -->
    </step><!-- duration: 313ms -->
    <step title="Start deployment in the background" date="2025-10-25T21:12:54.067" >
      <step title="Acquiring Deployment Lock" date="2025-10-25T21:12:54.111" /><!-- duration: 5ms -->
      <step title="Acquired Deployment Lock" date="2025-10-25T21:12:54.171" /><!-- duration: 6ms -->
    </step><!-- duration: 221ms -->
  </step><!-- duration: 623ms -->
  <step title="Outgoing response" date="2025-10-25T21:12:54.314" type="response" statusCode="202" statusText="Accepted" /><!-- duration: 4ms -->
</step><!-- duration: 773ms -->
