<step title="Incoming Request" date="2025-10-25T20:35:40.846" instance="504896" url="/deploy?scmType=ExternalGit&amp;isAsync=true" method="POST" type="request" pid="833,1,5" Host="ecomm-app-4379.scm.azurewebsites.net" User-Agent="Azure-WebSites-Controller/106.0.7.100" Authorization="Bas..." Expect="100-continue" Content-Length="92" x-ms-request-id="fa91f394-bbf0-4a62-82d8-b64f91941071" X-ARR-LOG-ID="fa91f394-bbf0-4a62-82d8-b64f91941071" CLIENT-IP="20.189.109.97:26112" X-SITE-DEPLOYMENT-ID="ecomm-app-4379" WAS-DEFAULT-HOSTNAME="ecomm-app-4379.scm.azurewebsites.net" X-MS-PLATFORM-INTERNAL="True" X-Forwarded-Proto="https" X-AppService-Proto="https" X-Forwarded-TlsVersion="1.3" X-WAWS-Unencoded-URL="/deploy?scmType=ExternalGit&amp;isAsync=true" X-Client-IP="20.189.109.97" X-Client-Port="26112" >
  <step title="FetchHandler" date="2025-10-25T20:35:40.921" >
    <step title="GitExeRepository.Initialize" date="2025-10-25T20:35:41.087" >
      <step title="Executing external process" date="2025-10-25T20:35:41.106" type="process" path="git" arguments="init" /><!-- duration: 808ms -->
      <step title="Executing external process" date="2025-10-25T20:35:41.944" type="process" path="git" arguments="config core.autocrlf false" /><!-- duration: 49ms -->
      <step title="Executing external process" date="2025-10-25T20:35:42.039" type="process" path="git" arguments="config core.preloadindex true" /><!-- duration: 244ms -->
      <step title="Executing external process" date="2025-10-25T20:35:42.319" type="process" path="git" arguments="config user.name &quot;unknown&quot;" /><!-- duration: 78ms -->
      <step title="Executing external process" date="2025-10-25T20:35:42.407" type="process" path="git" arguments="config user.email &quot;unknown&quot;" /><!-- duration: 70ms -->
      <step title="Executing external process" date="2025-10-25T20:35:42.485" type="process" path="git" arguments="config filter.lfs.clean &quot;git-lfs clean %f&quot;" /><!-- duration: 57ms -->
      <step title="Executing external process" date="2025-10-25T20:35:42.563" type="process" path="git" arguments="config filter.lfs.smudge &quot;git-lfs smudge %f&quot;" /><!-- duration: 27ms -->
      <step title="Executing external process" date="2025-10-25T20:35:42.594" type="process" path="git" arguments="config filter.lfs.required true" /><!-- duration: 24ms -->
      <step title="Configure git server" date="2025-10-25T20:35:42.623" >
        <step title="Executing external process" date="2025-10-25T20:35:42.629" type="process" path="git" arguments="config receive.denyCurrentBranch ignore" /><!-- duration: 26ms -->
      </step><!-- duration: 36ms -->
      <step title="Create deny users for .git folder" date="2025-10-25T20:35:42.666" /><!-- duration: 25ms -->
      <step title="Configure git-credential" date="2025-10-25T20:35:42.695" >
        <step title="Executing external process" date="2025-10-25T20:35:42.735" type="process" path="git" arguments="config credential.helper &quot;!&apos;/home/site/repository/.git/hooks/git-credential-invalid.sh&apos;&quot;" /><!-- duration: 41ms -->
      </step><!-- duration: 86ms -->
      <step title="Setup post receive hook" date="2025-10-25T20:35:42.787" >
        <step title="Non-Windows enviroment, granting 755 permission to post-receive hook file" date="2025-10-25T20:35:42.813" /><!-- duration: 25ms -->
      </step><!-- duration: 60ms -->
    </step><!-- duration: 1768ms -->
    <step title="Executing external process" date="2025-10-25T20:35:42.861" type="process" path="git" arguments="log -n 1 main --" >
      <step title="Process dump" date="2025-10-25T20:35:42.898" exitCode="128" type="processOutput" /><!-- duration: 5ms -->
    </step><!-- duration: 47ms -->
    <step title="Start deployment in the background" date="2025-10-25T20:35:43.035" >
      <step title="Executing external process" date="2025-10-25T20:35:43.095" type="process" path="git" arguments="rev-parse --git-dir" /><!-- duration: 40ms -->
      <step title="Executing external process" date="2025-10-25T20:35:43.144" type="process" path="git" arguments="rev-parse --git-dir" /><!-- duration: 29ms -->
      <step title="Executing external process" date="2025-10-25T20:35:43.178" type="process" path="git" arguments="log -n 1 main --" >
        <step title="Process dump" date="2025-10-25T20:35:43.205" exitCode="128" type="processOutput" /><!-- duration: 7ms -->
      </step><!-- duration: 44ms -->
      <step title="Acquiring Deployment Lock" date="2025-10-25T20:35:43.232" /><!-- duration: 20ms -->
      <step title="Acquired Deployment Lock" date="2025-10-25T20:35:43.348" /><!-- duration: 8ms -->
    </step><!-- duration: 406ms -->
  </step><!-- duration: 2525ms -->
  <step title="Outgoing response" date="2025-10-25T20:35:43.452" type="response" statusCode="202" statusText="Accepted" /><!-- duration: 4ms -->
</step><!-- duration: 2615ms -->
