<step title="BackgroundTrace" date="2025-10-25T18:34:35.603" instance="504896" url="/api/zipdeploy" method="POST" >
  <step title="Creating temporary deployment - FetchDeploymentManager" date="2025-10-25T18:34:35.747" /><!-- duration: 8ms -->
  <step title="Creating temporary deployment" date="2025-10-25T18:34:35.766" /><!-- duration: 124ms -->
  <step title="Performing fetch based deployment" date="2025-10-25T18:34:36.004" >
    <step title="Cleaning up temp folders from previous zip deployments and extracting pushed zip file /tmp/zipdeploy/7b91900b-49a2-4d06-8758-96695016a7cc.zip (0.04 MB) to /tmp/zipdeploy/extracted" date="2025-10-25T18:34:37.192" /><!-- duration: 162ms -->
    <step title="Deployment timer started" date="2025-10-25T18:34:39.376" >
      <step title="DeploymentManager.Deploy(id:985fc973-d2f8-4cbf-91cf-ede0cc116c03)" date="2025-10-25T18:34:39.384" >
        <step title="Collecting changeset information" date="2025-10-25T18:34:39.443" /><!-- duration: 93ms -->
        <step title="Updating submodules" date="2025-10-25T18:34:39.544" /><!-- duration: 1140ms -->
        <step title="Determining deployment builder" date="2025-10-25T18:34:40.933" >
          <step title="Builder is BasicBuilder" date="2025-10-25T18:34:40.955" /><!-- duration: 6ms -->
        </step><!-- duration: 35ms -->
        <step title="PreDeployment: context.CleanOutputPath False" date="2025-10-25T18:34:41.039" >
          <step title="PreDeployment: context.OutputPath /home/site/wwwroot" date="2025-10-25T18:34:41.185" >
            <step title="Building" date="2025-10-25T18:34:41.344" >
              <step title="Executing external process" date="2025-10-25T18:34:41.958" type="process" path="starter.sh" arguments="/opt/Kudu/Scripts/parallel_rsync.sh /tmp/zipdeploy/extracted /home/site/wwwroot 8 /tmp/ False True  " /><!-- duration: 632ms -->
              <step title="Triggering recycle (preview mode disabled)." date="2025-10-25T18:34:42.863" /><!-- duration: 8ms -->
              <step title="Modified file to trigger a restart of the app container." date="2025-10-25T18:34:42.930" /><!-- duration: 33ms -->
              <step title="Skip function trigger and logicapp sync because function is not enabled." date="2025-10-25T18:34:42.986" /><!-- duration: 15ms -->
              <step title="Purge deployment items" date="2025-10-25T18:34:43.835" >
                <step title="Remove d0d50002-, Failed, received at 10/25/2025 18:30:09" date="2025-10-25T18:34:43.911" /><!-- duration: 5ms -->
              </step><!-- duration: 85ms -->
            </step><!-- duration: 2648ms -->
          </step><!-- duration: 2817ms -->
          <step title="Cleaning up temp files" date="2025-10-25T18:34:44.006" /><!-- duration: 6ms -->
          <step title="Cleaning up temp files" date="2025-10-25T18:34:44.024" /><!-- duration: 506ms -->
          <step title="Reloading status file with latest updates" date="2025-10-25T18:34:44.593" >
            <step title="WebHooksManager.PublishEventAsync: PostDeployment" date="2025-10-25T18:34:44.607" /><!-- duration: 64ms -->
          </step><!-- duration: 82ms -->
          <step title="Cleaning up temporary deployment - fetch deployment was successful" date="2025-10-25T18:34:44.681" /><!-- duration: 4ms -->
        </step><!-- duration: 3735ms -->
      </step><!-- duration: 5411ms -->
