<step title="Incoming Request" date="2025-10-25T21:00:11.764" instance="504896" url="/api/publish?async=true&amp;deployer=GITHUB_ONE_DEPLOY&amp;type=zip&amp;message=%7B%22type%22%3A%22deployment%22%2C%22sha%22%3A%222864b42a0644fbc5df61d49f0e49b49b00630874%22%2C%22repoName%22%3A%22VengurlekarMayuresh%2FEcommerce%22%2C%22actor%22%3A%22VengurlekarMayuresh%22%2C%22slotName%22%3A%22Production%22%2C%22commitMessage%22%3A%22Add%20or%20update%20the%20Azure%20App%20Service%20build%20and%20deployment%20workflow%20config%22%7D" method="POST" type="request" pid="833,1,7" Host="ecomm-app-4379.scm.azurewebsites.net" User-Agent="GITHUBACTIONS_DeployWebAppToAzure_85a8437dad18d601054a5ca9a5ef62e71eefa3c9ac7d843e02553bb9af9d5c17" Authorization="Bea..." Content-Type="application/octet-stream" Cookie="ARRAffinity=504896c031d2fcb93e96c5b802e958a974f760ea45aef3813e22443ccf4d3a0c;Path=/;HttpOnly;Secure;Domain=ecomm-app-4379.scm.azurewebsites.net; ARRAffinitySameSite=504896c031d2fcb93e96c5b802e958a974f760ea45aef3813e22443ccf4d3a0c;Path=/;HttpOnly;SameSite=None;Secure;Domain=ecomm-app-4379.scm.azurewebsites.net" Transfer-Encoding="chunked" X-ARR-LOG-ID="2fbaf4aa-5820-4a32-8487-9440fbe92c12" CLIENT-IP="172.172.87.192:39936" X-SITE-DEPLOYMENT-ID="ecomm-app-4379" WAS-DEFAULT-HOSTNAME="ecomm-app-4379.scm.azurewebsites.net" X-Forwarded-Proto="https" X-AppService-Proto="https" X-Forwarded-TlsVersion="1.3" X-WAWS-Unencoded-URL="/api/publish?async=true&amp;deployer=GITHUB_ONE_DEPLOY&amp;type=zip&amp;message=%7B%22type%22%3A%22deployment%22%2C%22sha%22%3A%222864b42a0644fbc5df61d49f0e49b49b00630874%22%2C%22repoName%22%3A%22VengurlekarMayuresh%2FEcommerce%22%2C%22actor%22%3A%22VengurlekarMayuresh%22%2C%22slotName%22%3A%22Production%22%2C%22commitMessage%22%3A%22Add%20or%20update%20the%20Azure%20App%20Service%20build%20and%20deployment%20workflow%20config%22%7D" X-Client-IP="172.172.87.192" X-Client-Port="39936" >
  <step title="Cleanup Xml Logs" date="2025-10-25T21:00:11.768" /><!-- duration: 19ms -->
  <step title="OneDeploy" date="2025-10-25T21:00:11.954" >
    <step title="None repository commit" date="2025-10-25T21:00:11.987" >
      <step title="Commit id: 7f7dcc80-d8d2-422e-807c-0865bbcc739b" date="2025-10-25T21:00:11.994" Message="N/A" AuthorName="N/A" AuthorEmail="N/A" /><!-- duration: 16ms -->
    </step><!-- duration: 32ms -->
    <step title="Starting PushDeployAsync" date="2025-10-25T21:00:12.052" /><!-- duration: 15ms -->
    <step title="Writing artifact to /tmp/zipdeploy/42a67285-74c8-401d-bdd9-649019c2332e.zip" date="2025-10-25T21:00:12.145" >
      <step title="Writing multipart request body to /tmp/zipdeploy/42a67285-74c8-401d-bdd9-649019c2332e.zip" date="2025-10-25T21:00:12.167" /><!-- duration: 10ms -->
    </step><!-- duration: 1932ms -->
    <step title="Start deployment in the background" date="2025-10-25T21:00:14.127" >
      <step title="Acquiring Deployment Lock" date="2025-10-25T21:00:14.390" /><!-- duration: 5ms -->
      <step title="Acquired Deployment Lock" date="2025-10-25T21:00:14.471" /><!-- duration: 5ms -->
    </step><!-- duration: 475ms -->
  </step><!-- duration: 2664ms -->
  <step title="Outgoing response" date="2025-10-25T21:00:14.629" type="response" statusCode="202" statusText="Accepted" /><!-- duration: 10ms -->
</step><!-- duration: 2881ms -->
