<step title="Incoming Request" date="2025-10-25T21:12:59.034" instance="504896" url="/api/deployments/latest" method="GET" type="request" pid="833,1,32" Accept="*/*" Host="ecomm-app-4379.scm.azurewebsites.net" User-Agent="AZURECLI/2.78.0 (MSI)" Accept-Encoding="gzip, deflate" Authorization="Bea..." x-ms-client-request-id="5b92719b-b1e7-11f0-a2e9-00e04f06f700" X-ARR-LOG-ID="5b92719b-b1e7-11f0-a2e9-00e04f06f700" CLIENT-IP="182.48.210.98:33471" X-SITE-DEPLOYMENT-ID="ecomm-app-4379" WAS-DEFAULT-HOSTNAME="ecomm-app-4379.scm.azurewebsites.net" X-Forwarded-Proto="https" X-AppService-Proto="https" X-Forwarded-TlsVersion="1.3" X-WAWS-Unencoded-URL="/api/deployments/latest" X-Client-IP="182.48.210.98" X-Client-Port="33471" >
  <step title="Cleanup Xml Logs" date="2025-10-25T21:12:59.037" >
    <step title="Cleanup Infos" date="2025-10-25T21:12:59.051" totalFiles="203" totalCleanup="43" /><!-- duration: 7ms -->
  </step><!-- duration: 27ms -->
  <step title="DeploymentService.GetResult" date="2025-10-25T21:12:59.087" >
    <step title="DeploymentService.GetLatestDeployment" date="2025-10-25T21:12:59.096" >
      <step title="DeploymentManager.GetResults" date="2025-10-25T21:12:59.105" /><!-- duration: 217ms -->
    </step><!-- duration: 232ms -->
  </step><!-- duration: 245ms -->
  <step title="Outgoing response" date="2025-10-25T21:12:59.339" type="response" statusCode="202" statusText="Accepted" /><!-- duration: 5ms -->
</step><!-- duration: 314ms -->
