<step title="Incoming Request" date="2025-10-25T20:45:41.113" instance="504896" url="/api/publish?type=zip&amp;async=False" method="POST" type="request" pid="833,1,28" Accept="*/*" Host="ecomm-app-4379.scm.azurewebsites.net" User-Agent="AZURECLI/2.78.0 (MSI)" Accept-Encoding="gzip, deflate" Authorization="Bea..." Cache-Control="no-cache" Content-Type="application/octet-stream" Cookie="ARRAffinity=504896c031d2fcb93e96c5b802e958a974f760ea45aef3813e22443ccf4d3a0c; ARRAffinitySameSite=504896c031d2fcb93e96c5b802e958a974f760ea45aef3813e22443ccf4d3a0c" Content-Length="5548190" x-ms-client-request-id="8c42eb11-b1e3-11f0-80bf-00e04f06f700" x-ms-artifact-checksum="21b22da125d52a842b91efdede6d463cc14826b5cd516f7d2aaa81c5780db47e" X-ARR-LOG-ID="8c42eb11-b1e3-11f0-80bf-00e04f06f700" CLIENT-IP="182.48.210.98:33098" X-SITE-DEPLOYMENT-ID="ecomm-app-4379" WAS-DEFAULT-HOSTNAME="ecomm-app-4379.scm.azurewebsites.net" X-Forwarded-Proto="https" X-AppService-Proto="https" X-Forwarded-TlsVersion="1.3" X-WAWS-Unencoded-URL="/api/publish?type=zip&amp;async=False" X-Client-IP="182.48.210.98" X-Client-Port="33098" >
  <step title="OneDeploy" date="2025-10-25T20:45:41.189" >
    <step title="None repository commit" date="2025-10-25T20:45:41.215" >
      <step title="Commit id: 78832043-1142-4667-ad74-cf84ea171adc" date="2025-10-25T20:45:41.233" Message="N/A" AuthorName="N/A" AuthorEmail="N/A" /><!-- duration: 21ms -->
    </step><!-- duration: 49ms -->
    <step title="Starting PushDeployAsync" date="2025-10-25T20:45:41.284" /><!-- duration: 16ms -->
    <step title="Writing artifact to /tmp/zipdeploy/8fe7c434-d892-41a5-b7e3-99fc87827a42.zip" date="2025-10-25T20:45:41.319" >
      <step title="Writing multipart request body to /tmp/zipdeploy/8fe7c434-d892-41a5-b7e3-99fc87827a42.zip" date="2025-10-25T20:45:41.326" /><!-- duration: 5ms -->
    </step><!-- duration: 1115ms -->
    <step title="None repository commit" date="2025-10-25T20:45:42.452" >
      <step title="Commit id: 78832043-1142-4667-ad74-cf84ea171adc" date="2025-10-25T20:45:42.458" Message="N/A" AuthorName="N/A" AuthorEmail="N/A" /><!-- duration: 4ms -->
    </step><!-- duration: 17ms -->
    <step title="Attempting to fetch target branch HEAD" date="2025-10-25T20:45:42.475" /><!-- duration: 4ms -->
    <step title="Acquiring Deployment Lock" date="2025-10-25T20:45:42.485" /><!-- duration: 8ms -->
    <step title="Acquired Deployment Lock" date="2025-10-25T20:45:42.534" /><!-- duration: 5ms -->
    <step title="None repository commit" date="2025-10-25T20:45:42.545" >
      <step title="Commit id: 78832043-1142-4667-ad74-cf84ea171adc" date="2025-10-25T20:45:42.550" Message="N/A" AuthorName="N/A" AuthorEmail="N/A" /><!-- duration: 4ms -->
    </step><!-- duration: 14ms -->
    <step title="Performing fetch based deployment" date="2025-10-25T20:45:42.563" >
      <step title="Creating temporary deployment" date="2025-10-25T20:45:42.567" /><!-- duration: 74ms -->
      <step title="Releasing Deployment Lock" date="2025-10-25T20:45:43.808" /><!-- duration: 10ms -->
      <step title="Cleaning up temp folders from previous zip deployments and extracting pushed zip file /tmp/zipdeploy/8fe7c434-d892-41a5-b7e3-99fc87827a42.zip (5.29 MB) to /tmp/zipdeploy/extracted" date="2025-10-25T20:45:43.892" >
        <step title="ChmodRecursive Process exited with total time taken in ms: 184" date="2025-10-25T20:45:47.389" /><!-- duration: 8ms -->
      </step><!-- duration: 3587ms -->
      <step title="None repository commit" date="2025-10-25T20:45:47.490" >
        <step title="Commit id: 78832043-1142-4667-ad74-cf84ea171adc" date="2025-10-25T20:45:47.494" Message="OneDeploy" AuthorName="N/A" AuthorEmail="N/A" /><!-- duration: 6ms -->
      </step><!-- duration: 15ms -->
      <step title="None repository commit" date="2025-10-25T20:45:49.511" >
        <step title="Commit id: 78832043-1142-4667-ad74-cf84ea171adc" date="2025-10-25T20:45:49.518" Message="N/A" AuthorName="N/A" AuthorEmail="N/A" /><!-- duration: 5ms -->
      </step><!-- duration: 17ms -->
      <step title="Deployment timer started" date="2025-10-25T20:45:49.534" >
        <step title="DeploymentManager.Deploy(id:78832043-1142-4667-ad74-cf84ea171adc)" date="2025-10-25T20:45:49.539" >
          <step title="Collecting changeset information" date="2025-10-25T20:45:49.565" /><!-- duration: 87ms -->
          <step title="Updating submodules" date="2025-10-25T20:45:49.664" /><!-- duration: 1186ms -->
          <step title="Determining deployment builder" date="2025-10-25T20:45:51.089" >
            <step title="Builder is OneDeployBuilder" date="2025-10-25T20:45:51.095" /><!-- duration: 7ms -->
          </step><!-- duration: 22ms -->
          <step title="PreDeployment: context.CleanOutputPath False" date="2025-10-25T20:45:51.171" >
            <step title="PreDeployment: context.OutputPath /home/site/wwwroot" date="2025-10-25T20:45:51.338" >
              <step title="Building" date="2025-10-25T20:45:51.496" >
                <step title="Executing external process" date="2025-10-25T20:45:52.050" type="process" path="starter.sh" arguments="/opt/Kudu/Scripts/parallel_rsync.sh /tmp/zipdeploy/extracted /home/site/wwwroot 8 /tmp/ False False  " >
                  <step title="Cpu: rsync(1301,0.240s)+rsync(1291,0.090s)+rsync(1281,0.270s)+bash(1275,0.010s)+rsync(1299,0.200s)+rsync(1289,0.050s)+rsync(1282,0.150s)+bash(1276,0.000s)+rsync(1300,0.170s)+rsync(1288,0.030s)+rsync(1283,0.120s)+bash(1277,0.000s)+rsync(1302,0.210s)+rsync(1294,0.040s)+rsync(1286,0.200s)+bash(1278,0.010s)+rsync(1305,0.220s)+rsync(1292,0.060s)+rsync(1284,0.270s)+bash(1279,0.010s)+rsync(1303,0.230s)+rsync(1290,0.070s)+rsync(1285,0.230s)+bash(1280,0.000s)+rsync(1304,0.230s)+rsync(1297,0.080s)+rsync(1295,0.260s)+bash(1287,0.000s)+rsync(1306,0.220s)+rsync(1298,0.060s)+rsync(1296,0.300s)+bash(1293,0.000s)+xargs(1274,0.010s)+parallel_rsync.sh(1264,0.010s)=total(4.040s)" date="2025-10-25T20:46:54.337" /><!-- duration: 40ms -->
                  <step title="starter.sh: no io activity for 60s, prev-cpu=-1.000s, current-cpu=4.040s" date="2025-10-25T20:46:54.409" /><!-- duration: 13ms -->
                </step><!-- duration: 77714ms -->
                <step title="Modified file to trigger a restart of the app container." date="2025-10-25T20:47:10.257" /><!-- duration: 13ms -->
                <step title="Skip function trigger and logicapp sync because function is not enabled." date="2025-10-25T20:47:10.289" /><!-- duration: 9ms -->
                <step title="Purge deployment items" date="2025-10-25T20:47:11.603" >
                  <step title="Remove ff2de32f-, Failed, received at 10/25/2025 20:42:56" date="2025-10-25T20:47:11.748" /><!-- duration: 10ms -->
                </step><!-- duration: 165ms -->
              </step><!-- duration: 80424ms -->
            </step><!-- duration: 80594ms -->
            <step title="Cleaning up temp files" date="2025-10-25T20:47:11.942" /><!-- duration: 18ms -->
            <step title="Cleaning up temp files" date="2025-10-25T20:47:11.972" /><!-- duration: 521ms -->
            <step title="Reloading status file with latest updates" date="2025-10-25T20:47:12.587" >
              <step title="WebHooksManager.PublishEventAsync: PostDeployment" date="2025-10-25T20:47:12.609" /><!-- duration: 87ms -->
            </step><!-- duration: 118ms -->
            <step title="Cleaning up temporary deployment - fetch deployment was successful" date="2025-10-25T20:47:12.733" /><!-- duration: 18ms -->
          </step><!-- duration: 81699ms -->
        </step><!-- duration: 83359ms -->
        <step title="Outgoing response" date="2025-10-25T20:47:12.945" type="response" statusCode="200" statusText="OK" /><!-- duration: 39ms -->
      </step><!-- duration: 83473ms -->
