<step title="Incoming Request" date="2025-10-25T20:47:20.098" instance="504896" url="/api/zipdeploy?isAsync=true" method="POST" type="request" pid="833,1,5" Accept="*/*" Host="ecomm-app-4379.scm.azurewebsites.net" User-Agent="AZURECLI/2.78.0 (MSI)" Accept-Encoding="gzip, deflate" Authorization="Bea..." Cache-Control="no-cache" Content-Type="application/octet-stream" Content-Length="5548190" x-ms-client-request-id="c9798105-b1e3-11f0-b982-00e04f06f700" x-ms-artifact-checksum="21b22da125d52a842b91efdede6d463cc14826b5cd516f7d2aaa81c5780db47e" X-ARR-LOG-ID="c9798105-b1e3-11f0-b982-00e04f06f700" CLIENT-IP="182.48.210.98:33786" X-SITE-DEPLOYMENT-ID="ecomm-app-4379" WAS-DEFAULT-HOSTNAME="ecomm-app-4379.scm.azurewebsites.net" X-Forwarded-Proto="https" X-AppService-Proto="https" X-Forwarded-TlsVersion="1.3" X-WAWS-Unencoded-URL="/api/zipdeploy?isAsync=true" X-Client-IP="182.48.210.98" X-Client-Port="33786" >
  <step title="Cleanup Xml Logs" date="2025-10-25T20:47:20.168" /><!-- duration: 163ms -->
  <step title="ZipPushDeploy" date="2025-10-25T20:47:20.823" >
    <step title="ZipDeploy. Extract zip." date="2025-10-25T20:47:20.850" /><!-- duration: 19ms -->
    <step title="None repository commit" date="2025-10-25T20:47:20.888" >
      <step title="Commit id: 6381dcd2-d462-4424-bdc2-046bc59d0a19" date="2025-10-25T20:47:20.898" Message="N/A" AuthorName="N/A" AuthorEmail="N/A" /><!-- duration: 39ms -->
    </step><!-- duration: 60ms -->
    <step title="Starting PushDeployAsync" date="2025-10-25T20:47:20.966" /><!-- duration: 29ms -->
    <step title="Writing artifact to /tmp/zipdeploy/d15652f2-105d-41ba-8cfa-50a33579cce3.zip" date="2025-10-25T20:47:21.030" >
      <step title="Writing multipart request body to /tmp/zipdeploy/d15652f2-105d-41ba-8cfa-50a33579cce3.zip" date="2025-10-25T20:47:21.042" /><!-- duration: 45ms -->
    </step><!-- duration: 724ms -->
    <step title="None repository commit" date="2025-10-25T20:47:21.803" >
      <step title="Commit id: 6381dcd2-d462-4424-bdc2-046bc59d0a19" date="2025-10-25T20:47:21.819" Message="N/A" AuthorName="N/A" AuthorEmail="N/A" /><!-- duration: 13ms -->
    </step><!-- duration: 39ms -->
    <step title="Start deployment in the background" date="2025-10-25T20:47:21.851" >
      <step title="None repository commit" date="2025-10-25T20:47:21.900" >
        <step title="Commit id: 6381dcd2-d462-4424-bdc2-046bc59d0a19" date="2025-10-25T20:47:21.927" Message="N/A" AuthorName="N/A" AuthorEmail="N/A" /><!-- duration: 11ms -->
      </step><!-- duration: 48ms -->
      <step title="Acquiring Deployment Lock" date="2025-10-25T20:47:21.967" /><!-- duration: 17ms -->
      <step title="Acquired Deployment Lock" date="2025-10-25T20:47:22.051" /><!-- duration: 21ms -->
    </step><!-- duration: 436ms -->
  </step><!-- duration: 1609ms -->
  <step title="Outgoing response" date="2025-10-25T20:47:22.470" type="response" statusCode="202" statusText="Accepted" /><!-- duration: 10ms -->
</step><!-- duration: 2408ms -->
