<step title="Incoming Request" date="2025-10-25T18:08:42.230" instance="504896" url="/api/zipdeploy?isAsync=true" method="POST" type="request" pid="833,1,7" Accept="*/*" Host="ecomm-app-4379.scm.azurewebsites.net" User-Agent="AZURECLI/2.78.0 (MSI)" Accept-Encoding="gzip, deflate" Authorization="Bea..." Cache-Control="no-cache" Content-Type="application/octet-stream" Content-Length="48729" x-ms-client-request-id="39154ea2-b1cd-11f0-8ea5-00e04f06f700" x-ms-artifact-checksum="073e7bcbfe8c3f515430763256445ea540f8a1cd7f6626d52565ea16fcc09d99" X-ARR-LOG-ID="39154ea2-b1cd-11f0-8ea5-00e04f06f700" CLIENT-IP="182.48.210.98:33784" X-SITE-DEPLOYMENT-ID="ecomm-app-4379" WAS-DEFAULT-HOSTNAME="ecomm-app-4379.scm.azurewebsites.net" X-Forwarded-Proto="https" X-AppService-Proto="https" X-Forwarded-TlsVersion="1.3" X-WAWS-Unencoded-URL="/api/zipdeploy?isAsync=true" X-Client-IP="182.48.210.98" X-Client-Port="33784" >
  <step title="ZipPushDeploy" date="2025-10-25T18:08:42.898" >
    <step title="ZipDeploy. Extract zip." date="2025-10-25T18:08:42.914" /><!-- duration: 7ms -->
    <step title="None repository commit" date="2025-10-25T18:08:42.930" >
      <step title="Commit id: badfda42-e359-4870-8446-d1543d72aa88" date="2025-10-25T18:08:42.935" Message="N/A" AuthorName="N/A" AuthorEmail="N/A" /><!-- duration: 5ms -->
    </step><!-- duration: 16ms -->
    <step title="Starting PushDeployAsync" date="2025-10-25T18:08:42.950" /><!-- duration: 5ms -->
    <step title="Writing artifact to /tmp/zipdeploy/f6a08faa-9d1a-4b90-b45d-b79666fe8e7d.zip" date="2025-10-25T18:08:42.982" >
      <step title="Writing multipart request body to /tmp/zipdeploy/f6a08faa-9d1a-4b90-b45d-b79666fe8e7d.zip" date="2025-10-25T18:08:42.988" /><!-- duration: 5ms -->
    </step><!-- duration: 193ms -->
    <step title="Start deployment in the background" date="2025-10-25T18:08:43.198" >
      <step title="Acquiring Deployment Lock" date="2025-10-25T18:08:43.236" /><!-- duration: 12ms -->
      <step title="Acquired Deployment Lock" date="2025-10-25T18:08:43.315" /><!-- duration: 5ms -->
    </step><!-- duration: 246ms -->
  </step><!-- duration: 557ms -->
  <step title="Outgoing response" date="2025-10-25T18:08:43.504" type="response" statusCode="202" statusText="Accepted" /><!-- duration: 20ms -->
</step><!-- duration: 1298ms -->
