<step title="Incoming Request" date="2025-10-25T20:52:56.389" instance="504896" url="/api/scm" method="DELETE" type="request" pid="833,1,5" Host="ecomm-app-4379.scm.azurewebsites.net" User-Agent="Azure-WebSites-Controller/106.0.7.100" Authorization="Bas..." x-ms-request-id="f8249502-64a3-41ad-a46c-59f0ad4f6147" X-ARR-LOG-ID="f8249502-64a3-41ad-a46c-59f0ad4f6147" CLIENT-IP="20.189.109.97:1538" X-SITE-DEPLOYMENT-ID="ecomm-app-4379" WAS-DEFAULT-HOSTNAME="ecomm-app-4379.scm.azurewebsites.net" X-MS-PLATFORM-INTERNAL="True" X-Forwarded-Proto="https" X-AppService-Proto="https" X-Forwarded-TlsVersion="1.3" X-WAWS-Unencoded-URL="/api/scm" X-Client-IP="20.189.109.97" X-Client-Port="1538" >
  <step title="Acquiring Deployment Lock" date="2025-10-25T20:52:56.408" /><!-- duration: 4ms -->
  <step title="Acquired Deployment Lock" date="2025-10-25T20:52:56.453" /><!-- duration: 6ms -->
  <step title="Deleting repository" date="2025-10-25T20:52:56.464" /><!-- duration: 1083ms -->
  <step title="Delete auto swap lock file" date="2025-10-25T20:52:57.565" /><!-- duration: 19ms -->
  <step title="Deleting ssh key" date="2025-10-25T20:52:57.594" /><!-- duration: 30ms -->
  <step title="Updating initial deployment manifest" date="2025-10-25T20:52:57.635" /><!-- duration: 156ms -->
  <step title="Deleting deployment cache" date="2025-10-25T20:52:57.811" /><!-- duration: 228ms -->
  <step title="Releasing Deployment Lock" date="2025-10-25T20:52:58.050" /><!-- duration: 4ms -->
  <step title="Outgoing response" date="2025-10-25T20:52:58.079" type="response" statusCode="200" statusText="OK" /><!-- duration: 10ms -->
</step><!-- duration: 1708ms -->
