<step title="Incoming Request" date="2025-10-25T18:30:04.325" instance="504896" url="/api/zipdeploy?isAsync=true" method="POST" type="request" pid="833,1,32" Accept="*/*" Host="ecomm-app-4379.scm.azurewebsites.net" User-Agent="AZURECLI/2.78.0 (MSI)" Accept-Encoding="gzip, deflate" Authorization="Bea..." Cache-Control="no-cache" Content-Type="application/octet-stream" Content-Length="48328" x-ms-client-request-id="9c09670b-b1d0-11f0-8380-00e04f06f700" x-ms-artifact-checksum="8db8195196539f814bb4ce1d322dc8e10ba5051e6910b55411ab6fe37ccd1c0a" X-ARR-LOG-ID="9c09670b-b1d0-11f0-8380-00e04f06f700" CLIENT-IP="182.48.210.98:33369" X-SITE-DEPLOYMENT-ID="ecomm-app-4379" WAS-DEFAULT-HOSTNAME="ecomm-app-4379.scm.azurewebsites.net" X-Forwarded-Proto="https" X-AppService-Proto="https" X-Forwarded-TlsVersion="1.3" X-WAWS-Unencoded-URL="/api/zipdeploy?isAsync=true" X-Client-IP="182.48.210.98" X-Client-Port="33369" >
  <step title="Cleanup Xml Logs" date="2025-10-25T18:30:04.344" /><!-- duration: 77ms -->
  <step title="ZipPushDeploy" date="2025-10-25T18:30:04.527" >
    <step title="ZipDeploy. Extract zip." date="2025-10-25T18:30:04.548" /><!-- duration: 9ms -->
    <step title="Starting PushDeployAsync" date="2025-10-25T18:30:04.574" /><!-- duration: 9ms -->
    <step title="Writing artifact to /tmp/zipdeploy/f0021417-ca72-4b49-8f7b-284310a937a0.zip" date="2025-10-25T18:30:04.612" >
      <step title="Writing multipart request body to /tmp/zipdeploy/f0021417-ca72-4b49-8f7b-284310a937a0.zip" date="2025-10-25T18:30:04.623" /><!-- duration: 29ms -->
    </step><!-- duration: 123ms -->
    <step title="Start deployment in the background" date="2025-10-25T18:30:04.766" >
      <step title="Acquiring Deployment Lock" date="2025-10-25T18:30:04.813" /><!-- duration: 9ms -->
      <step title="Acquired Deployment Lock" date="2025-10-25T18:30:04.932" /><!-- duration: 26ms -->
    </step><!-- duration: 416ms -->
  </step><!-- duration: 711ms -->
  <step title="Outgoing response" date="2025-10-25T18:30:05.271" type="response" statusCode="202" statusText="Accepted" /><!-- duration: 35ms -->
</step><!-- duration: 1000ms -->
