<step title="Incoming Request" date="2025-10-25T18:34:34.974" instance="504896" url="/api/zipdeploy?isAsync=true" method="POST" type="request" pid="833,1,31" Accept="*/*" Host="ecomm-app-4379.scm.azurewebsites.net" User-Agent="AZURECLI/2.78.0 (MSI)" Accept-Encoding="gzip, deflate" Authorization="Bea..." Cache-Control="no-cache" Content-Type="application/octet-stream" Content-Length="37182" x-ms-client-request-id="3d6dca84-b1d1-11f0-9817-00e04f06f700" x-ms-artifact-checksum="cad7c63e19de911a1bb22e325e6671cfe8d3bb54130ef6b462f5b2390842796d" X-ARR-LOG-ID="3d6dca84-b1d1-11f0-9817-00e04f06f700" CLIENT-IP="182.48.210.98:33388" X-SITE-DEPLOYMENT-ID="ecomm-app-4379" WAS-DEFAULT-HOSTNAME="ecomm-app-4379.scm.azurewebsites.net" X-Forwarded-Proto="https" X-AppService-Proto="https" X-Forwarded-TlsVersion="1.3" X-WAWS-Unencoded-URL="/api/zipdeploy?isAsync=true" X-Client-IP="182.48.210.98" X-Client-Port="33388" >
  <step title="Cleanup Xml Logs" date="2025-10-25T18:34:34.984" /><!-- duration: 38ms -->
  <step title="ZipPushDeploy" date="2025-10-25T18:34:35.074" >
    <step title="ZipDeploy. Extract zip." date="2025-10-25T18:34:35.102" /><!-- duration: 9ms -->
    <step title="Starting PushDeployAsync" date="2025-10-25T18:34:35.131" /><!-- duration: 17ms -->
    <step title="Writing artifact to /tmp/zipdeploy/7b91900b-49a2-4d06-8758-96695016a7cc.zip" date="2025-10-25T18:34:35.199" >
      <step title="Writing multipart request body to /tmp/zipdeploy/7b91900b-49a2-4d06-8758-96695016a7cc.zip" date="2025-10-25T18:34:35.209" /><!-- duration: 17ms -->
    </step><!-- duration: 217ms -->
    <step title="Start deployment in the background" date="2025-10-25T18:34:35.516" >
      <step title="Acquiring Deployment Lock" date="2025-10-25T18:34:35.641" /><!-- duration: 8ms -->
      <step title="Acquired Deployment Lock" date="2025-10-25T18:34:35.724" /><!-- duration: 12ms -->
    </step><!-- duration: 402ms -->
  </step><!-- duration: 864ms -->
  <step title="Outgoing response" date="2025-10-25T18:34:35.949" type="response" statusCode="202" statusText="Accepted" /><!-- duration: 17ms -->
</step><!-- duration: 1009ms -->
