{
  "name": "server",
  "version": "1.0.0",
  "description": "E-commerce API with complete Azure integration",
  "main": "server.js",
  "scripts": {
    "start": "node server.js",
    "dev": "nodemon server.js"
  },
  "keywords": [],
  "author": "",
  "license": "ISC",
  "type": "commonjs",
  "dependencies": {
    "@azure/identity": "^4.0.0",
    "@azure/keyvault-secrets": "^4.7.0",
    "@azure/storage-blob": "^12.17.0",
    "@azure/communication-email": "^1.0.0",
    "@azure/msal-node": "^2.6.0",
    "applicationinsights": "^2.9.0",
    "azure-sb": "^0.10.6",
    "bcrypt": "^6.0.0",
    "bcryptjs": "^3.0.2",
    "cloudinary": "^2.7.0",
    "cookie-parser": "^1.4.7",
    "cors": "^2.8.5",
    "dotenv": "^17.2.1",
    "express": "^5.1.0",
    "jsonwebtoken": "^9.0.2",
    "mongoose": "^8.17.1",
    "multer": "^2.0.2",
    "nodemon": "^3.1.10",
    "paypal-rest-sdk": "^1.8.1",
    "uuid": "^9.0.1"
  }
}
