﻿<?xml version="1.0" encoding="utf-8"?>
<deployment>
  <id>3bf57840-a63d-4c96-ba70-175a16b7fa50</id>
  <author>N/A</author>
  <deployer>OneDeploy</deployer>
  <authorEmail>N/A</authorEmail>
  <message>OneDeploy</message>
  <progress></progress>
  <status>Success</status>
  <statusText></statusText>
  <lastSuccessEndTime>2025-10-25T23:06:14.7385258Z</lastSuccessEndTime>
  <receivedTime>2025-10-25T23:06:11.7779418Z</receivedTime>
  <startTime>2025-10-25T23:06:13.1890448Z</startTime>
  <endTime>2025-10-25T23:06:14.7385258Z</endTime>
  <complete>True</complete>
  <is_temp>False</is_temp>
  <is_readonly>True</is_readonly>
  <buildSummary />
</deployment>